Status,Date,Platform,Curator,Title,URL
FALSE,2026-08-28,Beatport,Argy,Argy – ÆDEN V.A. Chart Argy,https://www.beatport.com/chart/argy-den-va-chart/900861
FALSE,2026-08-21,Beatport,Fideles,Symbiosis Four - Part Two Fideles,https://www.beatport.com/chart/symbiosis-four-part-two/900252
FALSE,2026-08-21,Beatport,Radio Slave,RADIO SLAVE AUGUST Radio Slave,https://www.beatport.com/chart/radio-slave-august/900321
FALSE,2026-08-19,Beatport,Joris Voorn,Spirit Bird Joris Voorn,https://www.beatport.com/chart/spirit-bird/900065
FALSE,2026-08-11,Beatport,Solomun,Summer 2026 Solomun,https://www.beatport.com/chart/summer-2026/899371
FALSE,2026-07-31,Beatport,Andre Lodemann,Summer 26 Andre Lodemann,https://www.beatport.com/chart/summer-26/898329
FALSE,2026-07-31,Beatport,Fideles,Symbiosis Four - Part One Fideles,https://www.beatport.com/chart/symbiosis-four-part-one/898323
FALSE,2026-07-29,Beatport,Truncate,Obscurity is Infinite Truncate,https://www.beatport.com/chart/obscurity-is-infinite/898085
FALSE,2026-07-27,Beatport,Upercent,Traquetea Chart Upercent,https://www.beatport.com/chart/traquetea-chart/897829
FALSE,2026-07-24,Traxsource,Atjazz,Atjazz - July 2026 on Traxsource,https://www.traxsource.com/title/2844159/atjazz-july-2026
FALSE,2026-07-23,Traxsource,Jimpster,Jimpster Chart for July '26 on Traxsource,https://www.traxsource.com/title/2843068/jimpster-chart-for-july-26
FALSE,2026-07-21,Traxsource,Andre Lodemann,Summer 26,https://www.traxsource.com/title/2840937/summer-26
FALSE,2026-07-10,Beatport,Upercent,Upside Down Chart Upercent,https://www.beatport.com/chart/upside-down-chart/896287
FALSE,2026-07-01,Traxsource,Atjazz,Atjazz - Atjazz August Chart on Traxsource,https://www.traxsource.com/title/240275/atjazz-august-chart
FALSE,2026-06-25,Beatport,Fideles,June 26' Picks : Hey Bro! Fideles,https://www.beatport.com/chart/june-26-picks-hey-bro/894623
FALSE,2026-06-15,Traxsource,Jimpster,Jimpster Chart for June 2026 - Traxsource,https://www.traxsource.com/title/2815575/jimpster-chart-for-june-2026
FALSE,2026-06-11,Beatport,Upercent,Get It Together Chart Upercent,https://www.beatport.com/chart/get-it-together-chart/893312
FALSE,2026-06-03,Beatport,Richy Ahmed,Richy Ahmed Essentials Richy Ahmed,https://www.beatport.com/chart/richy-ahmed-essentials/892548
FALSE,2026-06-01,Volumo,Argy,Argy's Thunderground top 10 by Argy X - Volumo,https://volumo.com/chart/G4O4T4jsNagA-argy-x-argys-thunderground-top-10
FALSE,2026-06-01,Traxsource,Jimpster,Jimpster's Double Dose for August - Traxsource,https://www.traxsource.com/title/1657319/jimpsters-double-dose-for-august
FALSE,2026-06-01,Traxsource,Jimpster,Jimpster - Jimpster Chart for January '26 on Traxsource,https://www.traxsource.com/title/2700284/jimpster-chart-for-january-26
FALSE,2026-05-31,Beatport,AFFKT,Rewind AFFKT,https://www.beatport.com/chart/rewind/892278
FALSE,2026-05-30,Beatport,Fideles,Ascending 2026 Fideles,https://www.beatport.com/chart/ascending-2026/892209
FALSE,2026-05-29,Beatport,Luke Garcia,Luke Garcia Gold Chart Luke Garcia,https://www.beatport.com/chart/luke-garcia-gold-chart/892131
FALSE,2026-05-29,Beatport,Re.you,HIGHER CHART BY RE.YOU Re.you,https://www.beatport.com/chart/higher-chart-by-reyou/892000
FALSE,2026-05-22,Traxsource,Atjazz,Atjazz May 2026 - Traxsource,https://www.traxsource.com/title/2798749/atjazz-may-2026
FALSE,2026-05-19,Beatport,Upercent,I Feel You Chart Upercent,https://www.beatport.com/chart/i-feel-you-chart/890955
FALSE,2026-05-18,Beatport,Joris Voorn,Like A Machine Joris Voorn,https://www.beatport.com/chart/like-a-machine/890847
FALSE,2026-05-13,Beatport,Luke Garcia,Luke Garcia - Only Love Chart Luke Garcia,https://www.beatport.com/chart/luke-garcia-only-love-chart/890395
FALSE,2026-05-07,Traxsource,DJ Pierre,DJ Pierre - The Spirit Moving Chart on Traxsource,https://www.traxsource.com/title/2788254/the-spirit-moving-chart
FALSE,2026-05-07,Traxsource,Jimpster,Jimpster Chart for May 2026 - Traxsource,https://www.traxsource.com/title/2788263/jimpster-chart-for-may-2026
FALSE,2026-05-04,Beatport,Radio Slave,RADIO SLAVE MAY 2026 Radio Slave,https://www.beatport.com/chart/radio-slave-may-2026/889364
FALSE,2026-04-25,Beatport,Truncate,15 Years of Truncate Part 1 Truncate,https://www.beatport.com/chart/15-years-of-truncate-part-1/888535
FALSE,2026-04-23,Beatport,Jonas Rathsman,15 Years of Tobago Chart Jonas Rathsman,https://www.beatport.com/chart/15-years-of-tobago-chart/888235
FALSE,2026-04-22,Beatport,Fideles,Another Night Without You Fideles,https://www.beatport.com/chart/another-night-without-you/888128
FALSE,2026-04-21,Traxsource,Jimpster,Jimpster Chart for April '26 - Traxsource,https://www.traxsource.com/title/2775490/jimpster-chart-for-april-26
FALSE,2026-04-17,Beatport,Agoria,Agoria Sapiens 100 Agoria,https://www.beatport.com/chart/agoria-sapiens-100/887622
FALSE,2026-03-17,Traxsource,Jimpster,Jimpster Chart for March '26 - Traxsource,https://www.traxsource.com/title/2748869/jimpster-chart-for-march-26
FALSE,2026-03-14,Beatport,Fideles,INTO THE SUN - MARCH 26' Fideles,https://www.beatport.com/chart/into-the-sun-march-26/883893
FALSE,2026-03-08,Beatport,Solomun,Spring 2026 Solomun,https://www.beatport.com/chart/spring-2026/883223
FALSE,2026-03-02,Beatport,AFFKT,Mapa to Little Love AFFKT,https://www.beatport.com/chart/mapa-to-little-love/882567
FALSE,2026-03-01,Traxsource,Osunlade,Osunlade - Osunlade Inner Gardern Chart on Traxsource,https://www.traxsource.com/title/2308505/osunlade-inner-gardern-chart
FALSE,2026-02-25,Beatport,Agoria,Agoria Cambodia Agoria,https://www.beatport.com/chart/agoria-cambodia/881863
FALSE,2026-02-19,Beatport,Upercent,Yahi Chart Upercent,https://www.beatport.com/chart/yahi-chart/881158
FALSE,2026-02-18,Beatport,Jimpster,Jimpster Chart for February 2026 Jimpster,https://www.beatport.com/chart/jimpster-chart-for-february-2026/881065
FALSE,2026-02-18,Traxsource,Jimpster,Jimpster Chart for February 2026 - Traxsource,https://www.traxsource.com/title/2725174/jimpster-chart-for-february-2026
FALSE,2026-02-13,Beatport,Fideles,Jan 26' - Just Like That Fideles,https://www.beatport.com/chart/jan-26-just-like-that/880563
FALSE,2026-02-13,Beatport,Fideles,Feb 26' - Just Like That Fideles,https://www.beatport.com/chart/feb-26-just-like-that/880565
FALSE,2026-02-12,Beatport,Butch,Playlist of the Week | Butch Butch,https://www.beatport.com/chart/playlist-of-the-week-butch/880470
FALSE,2026-01-29,Beatport,Luke Garcia,Luke Garcia Fuego Chart Luke Garcia,https://www.beatport.com/chart/luke-garcia-fuego-chart/878863
FALSE,2026-01-21,Beatport,Upercent,Ferida Chart Upercent,https://www.beatport.com/chart/ferida-chart/877927
FALSE,2026-01-06,Beatport,Luke Garcia,Luke Garcia Lemon New Year Chart Luke Garcia,https://www.beatport.com/chart/luke-garcia-lemon-new-year-chart/876481
FALSE,2026-01-01,Traxsource,Atmos Blaq,Atmos Blaq - Land Of The Unknown Chart on Traxsource,https://www.traxsource.com/title/1422900/land-of-the-unknown-chart
FALSE,2026-01-01,Traxsource,Masšh,Masšh - KUDALA BESILINDILE Chart on Traxsource,https://www.traxsource.com/title/1815973/kudala-besilindile-chart
FALSE,2026-01-01,Traxsource,Ninetoes,"Ninetoes - Ninetoes' ""HOTYL"" Chart on Traxsource",https://www.traxsource.com/title/2231561/ninetoes-hotyl-chart
FALSE,2026-01-01,Traxsource,Remcord,Remcord - Utopia on Traxsource,https://www.traxsource.com/title/2791550/utopia
FALSE,2026-01-01,Volumo,Tiger Stripes,Artist Tiger Stripes chart — Volumo,https://volumo.com/it/artist/871-tiger-stripes/charts
FALSE,2026-01-01,Traxsource,Trikk,Trikk - Facas Chart on Traxsource,https://www.traxsource.com/title/1252901/facas-chart
FALSE,2026-01-01,Traxsource,Trikk,Trikk - Trikk - Vilara EP - Charts on Traxsource,https://www.traxsource.com/title/967591/trikk-vilara-ep-charts
FALSE,2025-12-18,Beatport,Upercent,Trouble Chart Upercent,https://www.beatport.com/chart/trouble-chart/874893
FALSE,2025-12-17,Beatport,Re.you,December Chart by Re.You Re.you,https://www.beatport.com/chart/december-chart-by-reyou/874750
FALSE,2025-12-15,Traxsource,Atjazz,Atjazz - December 2025,https://www.traxsource.com/title/2681742/atjazz-december-2025
FALSE,2025-12-15,Traxsource,Atjazz,Atjazz - 2025 in Review,https://www.traxsource.com/title/2681740/atjazz-2025-in-review
FALSE,2025-12-12,Beatport,AFFKT,The Source of the Signal AFFKT,https://www.beatport.com/chart/the-source-of-the-signal/874355
FALSE,2025-12-10,Beatport,Luke Garcia,Luke Garcia - DRAE Chart Luke Garcia,https://www.beatport.com/chart/luke-garcia-drae-chart/873990
FALSE,2025-12-08,Beatport,Steve Bug,Steve Bug Beatsember Chart Steve Bug,https://www.beatport.com/chart/steve-bug-beatsember-chart/873677
FALSE,2025-12-04,Beatport,Joris Voorn,Serotonin in Winter Joris Voorn,https://www.beatport.com/chart/serotonin-in-winter/873311
FALSE,2025-12-03,Beatport,Upercent,Talk About Chart Upercent,https://www.beatport.com/chart/talk-about-chart/873217
FALSE,2025-12-02,Beatport,AFFKT,All Things Must Come To An End AFFKT,https://www.beatport.com/chart/all-things-must-come-to-an-end/873074
FALSE,2025-11-24,Beatport,Fideles,10 BREATHS Fideles,https://www.beatport.com/chart/10-breaths/872249
FALSE,2025-11-21,Beatport,Agoria,Agoria November 2025 Agoria,https://www.beatport.com/chart/agoria-november-2025/871945
FALSE,2025-11-20,Beatport,Nick Curly,Playlist of the Week | Nick Curly Nick Curly,https://www.beatport.com/chart/playlist-of-the-week-nick-curly/871767
FALSE,2025-11-15,Beatport,Radio Slave,RADIO SLAVE | NOVEMBER 2025 Radio Slave,https://www.beatport.com/chart/radio-slave-november-2025/871349
FALSE,2025-11-13,Beatport,Solomun,Winter 2025 Solomun,https://www.beatport.com/chart/winter-2025/871110
FALSE,2025-11-10,Beatport,Jimpster,Jimpster Chart for November 2025 Jimpster,https://www.beatport.com/chart/jimpster-chart-for-november-2025/870764
FALSE,2025-11-10,Beatport,Upercent,Leira Chart Upercent,https://www.beatport.com/chart/leira-chart/870758
FALSE,2025-11-05,Beatport,Angelos,"ANGELOS ""THOSE NIGHTS"" CHART Angelos",https://www.beatport.com/chart/angelos-those-nights-chart/870162
FALSE,2025-10-28,Beatport,Luke Garcia,Luke Garcia Taur Chart Luke Garcia,https://www.beatport.com/chart/luke-garcia-taur-chart/869210
FALSE,2025-10-24,Beatport,Eats Everything,Eats Everything's Euphoria Chart Eats Everything,https://www.beatport.com/chart/eats-everythings-euphoria-chart/868874
FALSE,2025-10-22,Beatport,Fideles,Snaps - October 2025 Fideles,https://www.beatport.com/chart/snaps-october-2025/868656
FALSE,2025-10-17,Traxsource,Bontan,THAT'S RIGHT,https://www.traxsource.com/title/2644024/thats-right
FALSE,2025-10-14,Beatport,Upercent,Buzzing Letters Chart Upercent,https://www.beatport.com/chart/buzzing-letters-chart/867826
FALSE,2025-10-10,Beatport,Bontan,THAT'S RIGHT Bontan,https://www.beatport.com/chart/thats-right/867493
FALSE,2025-10-04,Beatport,Truncate,I haven't made a chart in 11 months... I haven't made a chart in 11 months... Truncate,https://www.beatport.com/chart/i-havent-made-a-chart-in-11-months/866947
FALSE,2025-10-02,Beatport,Fideles,WORK - 2025' Fideles,https://www.beatport.com/chart/work-2025/866690
FALSE,2025-10-02,Beatport,Fideles,WORK!!! Fideles,https://www.beatport.com/chart/work/866695
FALSE,2025-10-01,Beatport,Luke Garcia,Luke Garcia Better Days Chart Luke Garcia,https://www.beatport.com/chart/luke-garcia-better-days-chart/866551
FALSE,2025-09-29,Beatport,AFFKT,Niset AFFKT,https://www.beatport.com/chart/niset/866311
FALSE,2025-09-10,Beatport,Angelos,"ANGELOS ""MADNESS"" CHART Angelos",https://www.beatport.com/chart/angelos-madness-chart/864382
FALSE,2025-09-10,Beatport,Luke Garcia,Luke Garcia Bye Bye Summer Chart Luke Garcia,https://www.beatport.com/chart/luke-garcia-bye-bye-summer-chart/864399
FALSE,2025-09-10,Beatport,Re.you,Zou Zou Chart by Re.You Re.you,https://www.beatport.com/chart/zou-zou-chart-by-reyou/864370
FALSE,2025-09-09,Beatport,Upercent,Need To Go Chart Upercent,https://www.beatport.com/chart/need-to-go-chart/864307
FALSE,2025-09-08,Beatport,Bontan,TOO MUCH Bontan,https://www.beatport.com/chart/too-much/864140
FALSE,2025-09-01,Traxsource,David Mayer,David Mayer - David Mayer's The Call Chart on Traxsource,https://www.traxsource.com/title/1014269/david-mayers-the-call-chart
FALSE,2025-09-01,Traxsource,David Mayer,David Mayer - David Mayer's Lust For Change Chart on Traxsource,https://www.traxsource.com/title/781729/david-mayers-lust-for-change-chart
FALSE,2025-09-01,Traxsource,David Mayer,David Mayer - David Mayer's Just A Feeling Chart on Traxsource,https://www.traxsource.com/title/878329/david-mayers-just-a-feeling-chart
FALSE,2025-08-29,Beatport,Luke Garcia,Luke Garcia Ghost Chart Luke Garcia,https://www.beatport.com/chart/luke-garcia-ghost-chart/862928
FALSE,2025-08-26,Beatport,Jimpster,Jimpster Chart for September '25 Jimpster,https://www.beatport.com/chart/jimpster-chart-for-september-25/862645
FALSE,2025-08-07,Beatport,Upercent,Watergate Chart Upercent,https://www.beatport.com/chart/watergate-chart/860726
FALSE,2025-08-04,Beatport,VONDA7,Mirrors Chart VONDA7,https://www.beatport.com/chart/mirrors-chart/860351
FALSE,2025-08-03,Beatport,Terranova,Terranova Chart Frankie Vertigo,https://www.beatport.com/chart/terranova-chart/860275
FALSE,2025-07-31,Beatport,Fideles,Symbiosis III Fideles,https://www.beatport.com/chart/symbiosis-iii/859920
FALSE,2025-07-31,Beatport,Fideles,Symbiosis III Fideles,https://www.beatport.com/chart/symbiosis-iii/859923
FALSE,2025-07-25,Beatport,Bontan,LA CANDELARIA Bontan,https://www.beatport.com/chart/la-candelaria/859310
FALSE,2025-07-18,Beatport,AFFKT,July 2025 AFFKT,https://www.beatport.com/chart/july-2025/858775
FALSE,2025-07-17,Beatport,Luke Garcia,Luke Garcia Heat Summer Chart Luke Garcia,https://www.beatport.com/chart/luke-garcia-heat-summer-chart/858439
FALSE,2025-07-10,Traxsource,Andre Lodemann,Keep On,https://www.traxsource.com/title/2575699/keep-on
FALSE,2025-07-09,Beatport,Jimpster,Jimpster Chart for July 2025 Jimpster,https://www.beatport.com/chart/jimpster-chart-for-july-2025/857563
FALSE,2025-07-08,Beatport,Andre Lodemann,Keep On Andre Lodemann,https://www.beatport.com/chart/keep-on/857465
FALSE,2025-07-02,Beatport,Upercent,Punts Connectats Chart Upercent,https://www.beatport.com/chart/punts-connectats-chart/856845
FALSE,2025-06-27,Beatport,Fideles,Party Throwers 25' Fideles,https://www.beatport.com/chart/party-throwers-25/856349
FALSE,2025-06-27,Traxsource,Atjazz,Atjazz - June 2025,https://www.traxsource.com/title/2565478/atjazz-june-2025
FALSE,2025-06-20,Beatport,Agoria,Agoria June 2025 Agoria,https://www.beatport.com/chart/agoria-june-2025/855646
FALSE,2025-06-12,Beatport,Fideles,Summer 25' - Unawela Fideles,https://www.beatport.com/chart/summer-25-unawela/854794
FALSE,2025-06-05,Beatport,Jimpster,Jimpster Chart for June 2025 Jimpster,https://www.beatport.com/chart/jimpster-chart-for-june-2025/854079
FALSE,2025-06-03,Beatport,Bontan,FOREVER Bontan,https://www.beatport.com/chart/forever/853777
FALSE,2025-06-02,Beatport,Angelos,"ANGELOS ""LA FLEUR"" CHART Angelos",https://www.beatport.com/chart/angelos-la-fleur-chart/853698
FALSE,2025-05-28,Traxsource,Atjazz,Atjazz - May 2025,https://www.traxsource.com/title/2542107/atjazz-may-2025
FALSE,2025-05-23,Beatport,AFFKT,Blockchair AFFKT,https://www.beatport.com/chart/blockchair/852701
FALSE,2025-05-23,Beatport,Eats Everything,Eats Everything's My Love Is Deep Chart Eats Everything's My Love Is Deep Chart Eats Everything,https://www.beatport.com/chart/eats-everythings-my-love-is-deep-chart/852720
FALSE,2025-05-14,Beatport,Ninetoes,NINETOES presents 'GOOD COMPANY Vol.1' NINETOES presents 'GOOD COMPANY Vol.1' Ninetoes,https://www.beatport.com/chart/ninetoes-presents-good-company-vol1/851838
FALSE,2025-05-14,Beatport,Ninetoes,NINETOES presents 'GOOD COMPANY Vol.1' NINETOES presents 'GOOD COMPANY Vol.1' Ninetoes,https://www.beatport.com/chart/ninetoes-presents-good-company-vol1/851848
FALSE,2025-05-12,Beatport,Jimpster,Jimpster Chart for May 2025 Jimpster,https://www.beatport.com/chart/jimpster-chart-for-may-2025/851590
FALSE,2025-05-05,Beatport,Fideles,Sumala - Spring 25' Fideles,https://www.beatport.com/chart/sumala-spring-25/850874
FALSE,2025-05-05,Beatport,Upercent,Blue Space Chart Upercent,https://www.beatport.com/chart/blue-space-chart/850870
FALSE,2025-05-02,Beatport,AFFKT,I Will Do It Again AFFKT,https://www.beatport.com/chart/i-will-do-it-again/850657
FALSE,2025-04-24,Beatport,Agoria,Agoria Spacer Agoria,https://www.beatport.com/chart/agoria-spacer/849699
FALSE,2025-04-24,Beatport,Los Suruba,Los Suruba Las Bestias chart Los Suruba,https://www.beatport.com/chart/los-suruba-las-bestias-chart/849729
FALSE,2025-04-15,Beatport,Upercent,The Train Chart Upercent,https://www.beatport.com/chart/the-train-chart/848828
FALSE,2025-04-10,Beatport,Jimpster,Jimpster Chart for April 2025 Jimpster,https://www.beatport.com/chart/jimpster-chart-for-april-2025/848380
FALSE,2025-04-03,Traxsource,Butch,Butch Get High With Us Charts,https://www.traxsource.com/title/2504385/butch-get-high-with-us-charts
FALSE,2025-04-02,Beatport,Agoria,Agoria April 2025 Agoria,https://www.beatport.com/chart/agoria-april-2025/847535
FALSE,2025-03-26,Beatport,Âme,Quittez le ciel.. regardez dans mon âme ! Nsha,https://www.beatport.com/chart/quittez-le-ciel-regardez-dans-mon-me-/846734
FALSE,2025-03-26,Traxsource,Atjazz,Atjazz - March 2025 on Traxsource,https://www.traxsource.com/title/2498974/atjazz-march-2025
FALSE,2025-03-21,Beatport,Fideles,March 25' Fideles,https://www.beatport.com/chart/march-25/846257
FALSE,2025-03-17,Beatport,Upercent,Grasshopper Chart Upercent,https://www.beatport.com/chart/grasshopper-chart/845773
FALSE,2025-03-14,Beatport,Luke Garcia,Luke Garcia - Together Chart Luke Garcia,https://www.beatport.com/chart/luke-garcia-together-chart/845452
FALSE,2025-03-12,Beatport,Angelos,ANGELOS PARTICLES CHART Angelos,https://www.beatport.com/chart/angelos-particles-chart/845206
FALSE,2025-03-07,Beatport,Maga,MAGA YEGE / BEZA CHART Anorre,https://www.beatport.com/chart/maga-yege-beza-chart/844617
FALSE,2025-03-06,Beatport,Andhim,andhim March charts Andhim,https://www.beatport.com/chart/andhim-march-charts/844473
FALSE,2025-03-06,Beatport,Ninetoes,NINETOES' - SEE THRU YOU - CHARTS NINETOES' - SEE THRU YOU - CHARTS Ninetoes,https://www.beatport.com/chart/ninetoes-see-thru-you-charts/844412
FALSE,2025-03-05,Beatport,Solomun,1/4 2025 Solomun,https://www.beatport.com/chart/14-2025/844399
FALSE,2025-03-04,Beatport,Jimpster,Jimpster Chart for March '25 Jimpster,https://www.beatport.com/chart/jimpster-chart-for-march-25/844190
FALSE,2025-02-26,Traxsource,Butch,Fallin In Love,https://www.traxsource.com/title/2475939/fallin-in-love
FALSE,2025-02-19,Beatport,Angelos,ANGELOS L.O.V.E CHART Angelos,https://www.beatport.com/chart/angelos-love-chart/842741
FALSE,2025-02-19,Beatport,Jimpster,Jimpster Chart for February '25 Jimpster,https://www.beatport.com/chart/jimpster-chart-for-february-25/842694
FALSE,2025-02-13,Beatport,Upercent,Where Are You Chart Upercent,https://www.beatport.com/chart/where-are-you-chart/842035
FALSE,2025-02-07,Beatport,Eats Everything,Eats Everything's One Call Chart Eats Everything,https://www.beatport.com/chart/eats-everythings-one-call-chart/841414
FALSE,2025-02-07,Beatport,Fideles,Last Night - Feb 25' Fideles,https://www.beatport.com/chart/last-night-feb-25/841299
FALSE,2025-01-29,Beatport,Luke Garcia,Luke Garcia Brisa Chart Luke Garcia,https://www.beatport.com/chart/luke-garcia-brisa-chart/840314
FALSE,2025-01-17,Beatport,Jimpster,Jimpster Chart for January 2025 Jimpster,https://www.beatport.com/chart/jimpster-chart-for-january-2025/839013
FALSE,2025-01-10,Beatport,Fideles,Tulum - January 25' Fideles,https://www.beatport.com/chart/tulum-january-25/838393
FALSE,2025-01-08,Beatport,Baime,Humanity Baime January 2025 Baime,https://www.beatport.com/chart/humanity-baime-january-2025/838148
FALSE,2025-01-03,Beatport,Luke Garcia,Luke Garcia (I Can´t Forget) Chart Luke Garcia,https://www.beatport.com/chart/luke-garcia-i-cant-forget-chart/837732
FALSE,2024-12-17,Beatport,Upercent,Bufa / Uma Viagem Clara Chart Upercent,https://www.beatport.com/chart/bufa-uma-viagem-clara-chart/836537
FALSE,2024-12-12,Traxsource,Aaaron,NRFTW,https://www.traxsource.com/title/2425837/nrftw
FALSE,2024-12-11,Beatport,Bontan,HEY Bontan,https://www.beatport.com/chart/hey/835933
FALSE,2024-12-09,Beatport,Terranova,Terranova 2024: The Review CANVI,https://www.beatport.com/chart/terranova-2024-the-review/835715
FALSE,2024-12-04,Traxsource,Atmos Blaq,Atmos Blaq's 1000 Seconds Chart - Traxsource,https://www.traxsource.com/title/2419776/atmos-blaqs-1000-seconds-chart
FALSE,2024-12-03,Beatport,Fideles,Impressum • December 2024 Fideles,https://www.beatport.com/chart/impressum-december-2024/835164
FALSE,2024-11-29,Beatport,Jonas Rathsman,PICK & CHOOSE Jonas Rathsman,https://www.beatport.com/chart/pick-choose/834628
FALSE,2024-11-22,Beatport,Eats Everything,Eats Everything's Upside Down Chart Eats Everything's Upside Down Chart Eats Everything,https://www.beatport.com/chart/eats-everythings-upside-down-chart/833934
FALSE,2024-11-15,Beatport,Los Suruba,Los Suruba Drowning in your love chart Los Suruba Drowning in your love chart Los Suruba,https://www.beatport.com/chart/los-suruba-drowning-in-your-love-chart/833390
FALSE,2024-11-14,Beatport,Jimpster,Jimpster Chart for November 2024 Jimpster,https://www.beatport.com/chart/jimpster-chart-for-november-2024/833155
FALSE,2024-11-11,Beatport,AFFKT,The Pursuit Special AFFKT,https://www.beatport.com/chart/the-pursuit-special/832871
FALSE,2024-11-07,Beatport,Truncate,Post Election Jack Trax Truncate,https://www.beatport.com/chart/post-election-jack-trax/832511
FALSE,2024-11-05,Beatport,Luke Garcia,Luke Garcia - Lost in the Flow Luke Garcia,https://www.beatport.com/chart/luke-garcia-lost-in-the-flow/832299
FALSE,2024-11-01,Beatport,Fideles,We Could Be Love - November 2024 We Could Be Love - November 2024 Fideles,https://www.beatport.com/chart/we-could-be-love-november-2024/831971
FALSE,2024-11-01,Traxsource,Atjazz,Atjazz - November 2024,https://www.traxsource.com/title/2397679/atjazz-november-2024
FALSE,2024-10-31,Beatport,Angelos,"ANGELOS ""SOUL FREE"" CHART Angelos",https://www.beatport.com/chart/angelos-soul-free-chart/831815
FALSE,2024-10-31,Traxsource,Angelos,"Angelos - ANGELOS ""SOUL FREE"" CHART on Traxsource",https://www.traxsource.com/title/2396966/angelos-soul-free-chart
FALSE,2024-10-29,Beatport,Bontan,AUTUMN HEAT Bontan,https://www.beatport.com/chart/autumn-heat/831621
FALSE,2024-10-22,Beatport,Jimpster,Jimpster Chart for October 2024 Jimpster,https://www.beatport.com/chart/jimpster-chart-for-october-2024/830894
FALSE,2024-10-19,Beatport,Fideles,Heartless - October 2024 Fideles,https://www.beatport.com/chart/heartless-october-2024/830657
FALSE,2024-10-12,Beatport,Los Suruba,Los Suruba ADE chart Los Suruba,https://www.beatport.com/chart/los-suruba-ade-chart/830020
FALSE,2024-10-04,Traxsource,Adam Port,All I Got Chart,https://www.traxsource.com/title/2378957/all-i-got-chart
FALSE,2024-10-01,Beatport,Terranova,TERRANOVA 50 RELEASES Chart Axel Valley,https://www.beatport.com/chart/terranova-50-releases-chart/828866
FALSE,2024-09-18,Beatport,Ninetoes,"Ninetoes' ""POV"" Charts Ninetoes",https://www.beatport.com/chart/ninetoes-pov-charts/827637
FALSE,2024-09-12,Beatport,Bontan,WILE OUT Bontan,https://www.beatport.com/chart/wile-out/827084
FALSE,2024-09-12,Beatport,Jimpster,Jimpster Chart for September 2024 Jimpster,https://www.beatport.com/chart/jimpster-chart-for-september-2024/827105
FALSE,2024-09-04,Traxsource,Hyenah,Hyenah - Ithuba Charts on Traxsource,https://www.traxsource.com/title/2356493/ithuba-charts
FALSE,2024-08-07,Beatport,Skatman,Skatman Chart Vakabular,https://www.beatport.com/chart/skatman-chart/823768
FALSE,2024-08-05,Beatport,Re.you,Re.You Chart Re.you,https://www.beatport.com/chart/reyou-chart/823549
FALSE,2024-07-31,Beatport,Upercent,Da Warrior Chart Upercent,https://www.beatport.com/chart/da-warrior-chart/823025
FALSE,2024-07-17,Beatport,Los Suruba,Los Suruba temazos del verano Los Suruba,https://www.beatport.com/chart/los-suruba-temazos-del-verano/821775
FALSE,2024-07-12,Beatport,Fideles,The Puzzle Fideles,https://www.beatport.com/chart/the-puzzle/821278
FALSE,2024-07-10,Beatport,Jimpster,Jimpster Chart for July 2024 Jimpster,https://www.beatport.com/chart/jimpster-chart-for-july-2024/820905
FALSE,2024-07-08,Beatport,AFFKT,Oie AFFKT,https://www.beatport.com/chart/oie/820768
FALSE,2024-07-07,Beatport,Angelos,"ANGELOS ""THE CHOICE"" CHART Angelos",https://www.beatport.com/chart/angelos-the-choice-chart/820654
FALSE,2024-07-01,Traxsource,Upercent,Upercent - Caos Chart on Traxsource,https://www.traxsource.com/title/861366/caos-chart
FALSE,2024-06-27,Traxsource,Atjazz,Atjazz - June 2024,https://www.traxsource.com/title/2304943/atjazz-june-2024
FALSE,2024-06-17,Beatport,Solomun,2024 Mix Solomun,https://www.beatport.com/chart/2024-mix/818650
FALSE,2024-06-13,Beatport,Keinemusik,Keinemusik Barcelona Rampa,https://www.beatport.com/chart/keinemusik-barcelona/818182
FALSE,2024-06-10,Traxsource,Andre Lodemann,Home Chart,https://www.traxsource.com/title/2292434/home-chart
FALSE,2024-06-07,Beatport,Luke Garcia,Luke Garcia Summer Chart Luke Garcia,https://www.beatport.com/chart/luke-garcia-summer-chart/817538
FALSE,2024-05-30,Beatport,Bontan,PLAY IN THIS FEELING Bontan,https://www.beatport.com/chart/play-in-this-feeling/816679
FALSE,2024-05-24,Beatport,Fideles,See You In Dreams Fideles,https://www.beatport.com/chart/see-you-in-dreams/816195
FALSE,2024-05-24,Beatport,Upercent,Upercent Remix Chart Sam Shure,https://www.beatport.com/chart/upercent-remix-chart/816150
FALSE,2024-05-24,Beatport,Upercent,Mongolics Chart Upercent,https://www.beatport.com/chart/mongolics-chart/816108
FALSE,2024-05-21,Traxsource,Atjazz,Atjazz - May 2024 on Traxsource,https://www.traxsource.com/title/2277974/atjazz-may-2024
FALSE,2024-05-16,Beatport,Truncate,Remember Truncate,https://www.beatport.com/chart/remember/815310
FALSE,2024-05-12,Beatport,Jimpster,Jimpster Chart for May 2024 Jimpster,https://www.beatport.com/chart/jimpster-chart-for-may-2024/814899
FALSE,2024-05-10,Beatport,Luke Garcia,Luke Garcia Spring Chart Luke Garcia,https://www.beatport.com/chart/luke-garcia-spring-chart/814794
FALSE,2024-05-06,Beatport,AFFKT,Symmetry AFFKT,https://www.beatport.com/chart/symmetry/814332
FALSE,2024-05-02,Beatport,Andre Lodemann,Home Andre Lodemann,https://www.beatport.com/chart/home/813910
FALSE,2024-05-02,Beatport,Kolombo,Rawness Kolombo,https://www.beatport.com/chart/rawness/813862
FALSE,2024-05-01,Traxsource,Ninetoes,"Ninetoes - ""Movin To The Sound"" Chart on Traxsource",https://www.traxsource.com/title/2273374/movin-to-the-sound-chart
FALSE,2024-04-11,Traxsource,Andhim,Resilience charts,https://www.traxsource.com/title/2247163/resilience-charts
FALSE,2024-04-10,Traxsource,Atjazz,Atjazz - April 2024,https://www.traxsource.com/title/2245885/atjazz-april-2024
FALSE,2024-04-05,Beatport,Upercent,Falling Chart Upercent,https://www.beatport.com/chart/falling-chart/810677
FALSE,2024-04-04,Beatport,Jimpster,Jimpster Chart for April 2024 Jimpster,https://www.beatport.com/chart/jimpster-chart-for-april-2024/810487
FALSE,2024-03-26,Traxsource,Atjazz,Atjazz - March 2024,https://www.traxsource.com/title/2234918/atjazz-march-2024
FALSE,2024-03-20,Beatport,Ninetoes,"Ninetoes' ""HOTYL"" Charts Ninetoes",https://www.beatport.com/chart/ninetoes-hotyl-charts/808928
FALSE,2024-03-15,Beatport,Eats Everything,Eats Everything's Ghosts Chart Eats Everything,https://www.beatport.com/chart/eats-everythings-ghosts-chart/808367
FALSE,2024-03-14,Beatport,Fideles,In Your Eyes Fideles,https://www.beatport.com/chart/in-your-eyes/808232
FALSE,2024-03-08,Beatport,Luke Garcia,Luke Garcia Something Chart Luke Garcia,https://www.beatport.com/chart/luke-garcia-something-chart/807740
FALSE,2024-03-07,Beatport,AFFKT,Past Is Prologue AFFKT,https://www.beatport.com/chart/past-is-prologue/807485
FALSE,2024-03-01,Traxsource,David Mayer,David Mayer's March 2024 - Traxsource,https://www.traxsource.com/title/2215149/david-mayers-march-2024
FALSE,2024-02-29,Beatport,Fideles,Falling Down Fideles,https://www.beatport.com/chart/falling-down/806559
FALSE,2024-02-12,Traxsource,Atjazz,Atjazz - February 2024,https://www.traxsource.com/title/2195704/atjazz-february-2024
FALSE,2024-02-08,Traxsource,Atmos Blaq,Atmomo's DJ Chart,https://www.traxsource.com/title/2192416/atmomos-dj-chart
FALSE,2024-02-06,Beatport,Agoria,SECOND LIFE x AGORIA Kiko,https://www.beatport.com/chart/second-life-x-agoria/804080
FALSE,2024-02-02,Beatport,Maceo Plex,Maceo Plex - March 2024 Chart Maceo Plex,https://www.beatport.com/chart/maceo-plex-march-2024-chart/803593
FALSE,2024-02-01,Traxsource,Nasser Baker,"Nasser Baker - ""Notification"" Chart on Traxsource",https://www.traxsource.com/title/2234921/notification-chart
FALSE,2024-01-30,Beatport,Jimpster,Jimpster Chart for February '24 Jimpster,https://www.beatport.com/chart/jimpster-chart-for-february-24/803267
FALSE,2024-01-26,Beatport,Bontan,MAKE IT WORK Bontan,https://www.beatport.com/chart/make-it-work/802830
FALSE,2024-01-23,Beatport,Angelos,"ANGELOS ""FRIENDS"" CHART Angelos",https://www.beatport.com/chart/angelos-friends-chart/802496
FALSE,2024-01-11,Beatport,Fideles,Dreamers Fideles,https://www.beatport.com/chart/dreamers/801249
FALSE,2024-01-09,Beatport,Luke Garcia,Luke Garcia IY Luke Garcia,https://www.beatport.com/chart/luke-garcia-iy/800938
FALSE,2024-01-03,Traxsource,Osunlade,Osunlade January 2024 Heat on Traxsource,https://www.traxsource.com/title/2164733/osunlade-january-2024-heat
FALSE,2023-12-28,Beatport,Truncate,Best Of Truncate 2023 Truncate,https://www.beatport.com/chart/best-of-truncate-2023/799971
FALSE,2023-12-27,Beatport,Angelos,"ANGELOS ""DON'T STOP THE MUSIC"" CHART ANGELOS ""DON'T STOP THE MUSIC"" CHART Angelos",https://www.beatport.com/chart/angelos-dont-stop-the-music-chart/799918
FALSE,2023-12-21,Beatport,Fideles,We Are Dreaming - Dec '23 Fideles,https://www.beatport.com/chart/we-are-dreaming-dec-23/799488
FALSE,2023-12-21,Beatport,Ninetoes,"Ninetoes' ""Heartbeat On Time"" Chats Ninetoes' ""Heartbeat On Time"" Chats Ninetoes",https://www.beatport.com/chart/ninetoes-heartbeat-on-time-chats/799461
FALSE,2023-12-19,Traxsource,Atjazz,Atjazz - December 2023 on Traxsource,https://www.traxsource.com/title/2158227/atjazz-december-2023
FALSE,2023-12-15,Beatport,Jimpster,Jimpster Chart for December '23 Jimpster,https://www.beatport.com/chart/jimpster-chart-for-december-23/798794
FALSE,2023-12-14,Beatport,Colossio,Colossio Amen Chart Colossio,https://www.beatport.com/chart/colossio-amen-chart/798693
FALSE,2023-12-01,Beatport,Bontan,DRUM RHYTHM Bontan,https://www.beatport.com/chart/drum-rhythm/797322
FALSE,2023-11-24,Beatport,Fideles,Fideles November 23 Fideles,https://www.beatport.com/chart/fideles-november-23/796489
FALSE,2023-11-21,Beatport,Luke Garcia,Luke Garcia Fatum Chart Luke Garcia,https://www.beatport.com/chart/luke-garcia-fatum-chart/796131
FALSE,2023-11-10,Beatport,Argy,Best of Argy Argy,https://www.beatport.com/chart/best-of-argy/795064
FALSE,2023-11-09,Beatport,Jimpster,Jimpster Chart for November '23 Jimpster,https://www.beatport.com/chart/jimpster-chart-for-november-23/794989
FALSE,2023-11-09,Beatport,Ninetoes,"Ninetoes' ""SPCIL / BAD HABITS"" Chats Ninetoes' ""SPCIL / BAD HABITS"" Chats Ninetoes",https://www.beatport.com/chart/ninetoes-spcil-bad-habits-chats/794998
FALSE,2023-11-01,Beatport,Rampa,More Love Rampa,https://www.beatport.com/chart/more-love/794122
FALSE,2023-11-01,Traxsource,Ninetoes,"Ninetoes' ""SPCIL / BAD HABITS"" Chart - Traxsource",https://www.traxsource.com/title/2133687/ninetoes-spcil-bad-habits-chart
FALSE,2023-11-01,Volumo,Sante,Sante November Charts,https://volumo.com/chart/0CrzFAMepWbh-sante-november-charts
FALSE,2023-10-25,Beatport,AFFKT,Footloose AFFKT,https://www.beatport.com/chart/footloose/793393
FALSE,2023-10-24,Beatport,Truncate,October 2023 Truncate,https://www.beatport.com/chart/october-2023/793371
FALSE,2023-10-20,Beatport,Ninetoes,"Ninetoes' ""SHUMBA / PROVE IT"" Charts Ninetoes' ""SHUMBA / PROVE IT"" Charts Ninetoes",https://www.beatport.com/chart/ninetoes-shumba-prove-it-charts/792994
FALSE,2023-10-18,Beatport,Joris Voorn,You And I Joris Voorn,https://www.beatport.com/chart/you-and-i/792710
FALSE,2023-10-17,Beatport,Los Suruba,Los Suruba ADE chart Los Suruba,https://www.beatport.com/chart/los-suruba-ade-chart/792637
FALSE,2023-10-16,Beatport,Fideles,I Can't Save You Fideles,https://www.beatport.com/chart/i-cant-save-you/792578
FALSE,2023-10-11,Beatport,Fideles,October 23 Fideles,https://www.beatport.com/chart/october-23/792086
FALSE,2023-10-10,Beatport,Upercent,Taula Braser Chart Upercent,https://www.beatport.com/chart/taula-braser-chart/791906
FALSE,2023-10-10,Traxsource,Atjazz,Atjazz - Remixes 2023 so far!,https://www.traxsource.com/title/2113348/atjazz-remixes-2023-so-far
FALSE,2023-10-05,Beatport,Angelos,CAPOON & ANGELOS - MAZALI CROSSTOWN Chart CAPOON & ANGELOS - MAZALI CROSSTOWN Chart Capoon,https://www.beatport.com/chart/capoon-angelos-mazali-crosstown-chart/791509
FALSE,2023-10-05,Beatport,Jimpster,Jimpster Chart for October 2023 Jimpster,https://www.beatport.com/chart/jimpster-chart-for-october-2023/791415
FALSE,2023-09-29,Beatport,Angelos,"ANGELOS ""BUDÁH"" CHART Angelos",https://www.beatport.com/chart/angelos-budh-chart/790912
FALSE,2023-09-25,Beatport,Butch,ARTIST OF THE MONTH | BUTCH Butch,https://www.beatport.com/chart/artist-of-the-month-butch/790397
FALSE,2023-09-25,Traxsource,Atjazz,Atjazz - Select Cuts September 2023,https://www.traxsource.com/title/2102898/atjazz-select-cuts-september-2023
FALSE,2023-09-21,Beatport,Bontan,GET DOWN Bontan,https://www.beatport.com/chart/get-down/790004
FALSE,2023-09-12,Beatport,Angelos,"ANGELOS ""AFRIKA ELEKTRA"" CHART ANGELOS ""AFRIKA ELEKTRA"" CHART Angelos",https://www.beatport.com/chart/angelos-afrika-elektra-chart/789180
FALSE,2023-09-08,Beatport,Andhim,andhim September Andhim,https://www.beatport.com/chart/andhim-september/788830
FALSE,2023-09-08,Beatport,Jimpster,Jimpster Chart for September 2023 Jimpster,https://www.beatport.com/chart/jimpster-chart-for-september-2023/788868
FALSE,2023-09-08,Beatport,Luke Garcia,Luke Garcia Ever Chart Luke Garcia,https://www.beatport.com/chart/luke-garcia-ever-chart/788903
FALSE,2023-09-06,Beatport,Fideles,Stay Awhile Fideles,https://www.beatport.com/chart/stay-awhile/788703
FALSE,2023-09-02,Traxsource,Atjazz,Atjazz - September 2023,https://www.traxsource.com/title/2089107/atjazz-september-2023
FALSE,2023-09-01,Beatport,Fideles,Stay Awhile Fideles,https://www.beatport.com/chart/stay-awhile/788234
FALSE,2023-09-01,Volumo,Sante,Sante September Heat,https://volumo.com/chart/vITb40Te8cgf-sante-september-heat
FALSE,2023-08-31,Beatport,Eats Everything,Eats Everything's 'Vaccine' Chart Eats Everything,https://www.beatport.com/chart/eats-everythings-vaccine-chart/788011
FALSE,2023-08-31,Traxsource,Ninetoes,Ninetoes - 'KUNEH' Chart on Traxsource,https://www.traxsource.com/title/2087221/kuneh-chart
FALSE,2023-08-30,Beatport,Skream,ARTIST OF THE MONTH | SKREAM Skream,https://www.beatport.com/chart/artist-of-the-month-skream/787938
FALSE,2023-08-25,Beatport,Solomun,End of summer 2023 Solomun,https://www.beatport.com/chart/end-of-summer-2023/787502
FALSE,2023-08-15,Beatport,Truncate,Post Summer Workout Cuts Truncate,https://www.beatport.com/chart/post-summer-workout-cuts/786472
FALSE,2023-08-04,Beatport,Fideles,Waterfall Fideles,https://www.beatport.com/chart/waterfall/785318
FALSE,2023-08-01,Volumo,HNQO,HNQO August Here And There,https://volumo.com/chart/Hwe5WDrQWGlX-hnqo-august-here-and-there
FALSE,2023-07-31,Beatport,Upercent,Etapa Plena Chart Upercent,https://www.beatport.com/chart/etapa-plena-chart/784851
FALSE,2023-07-28,Beatport,Andhim,Gcwanini Andhim Remix Chart Blanka Mazimela,https://www.beatport.com/chart/gcwanini-andhim-remix-chart/792410
FALSE,2023-07-28,Traxsource,Atjazz,Atjazz - July 2023,https://www.traxsource.com/title/2066605/atjazz-july-2023
FALSE,2023-07-24,Beatport,Agoria,Agoria .dev Agoria,https://www.beatport.com/chart/agoria-dev/784072
FALSE,2023-07-24,Traxsource,Torrfisk,"Torrfisk ""THIS ISH""",https://www.traxsource.com/title/2063973/torrfisk-this-ish
FALSE,2023-07-18,Beatport,Angelos,"ANGELOS ""LA JUNGLA"" CHART Angelos",https://www.beatport.com/chart/angelos-la-jungla-chart/783366
FALSE,2023-07-13,Beatport,Jimpster,Jimpster Chart for July 2023 Jimpster,https://www.beatport.com/chart/jimpster-chart-for-july-2023/782674
FALSE,2023-07-12,Beatport,Eats Everything,Eats Everything Move Chart Eats Everything,https://www.beatport.com/chart/eats-everything-move-chart/782589
FALSE,2023-07-07,Beatport,Bontan,LAZER BEAMS Bontan,https://www.beatport.com/chart/lazer-beams/782085
FALSE,2023-06-30,Beatport,Fideles,Summer Madness 23' - Fallen Leaf Fideles,https://www.beatport.com/chart/summer-madness-23-fallen-leaf/781211
FALSE,2023-06-27,Beatport,Kolombo,Nos Fuimos chart Kolombo,https://www.beatport.com/chart/nos-fuimos-chart/780864
FALSE,2023-06-26,Beatport,Ninetoes,"NINETOES' ""BAHAN"" CHARTS Ninetoes",https://www.beatport.com/chart/ninetoes-bahan-charts/780695
FALSE,2023-06-23,Beatport,AFFKT,SopaSopa AFFKT,https://www.beatport.com/chart/sopasopa/780369
FALSE,2023-06-22,Beatport,Masšh,MASŠH SUNSET TOP 10 CHART Masšh,https://www.beatport.com/chart/mash-sunset-top-10-chart/780271
FALSE,2023-06-12,Beatport,VONDA7,Till The Morning VONDA7,https://www.beatport.com/chart/till-the-morning/779115
FALSE,2023-06-12,Traxsource,&ME,Rapture,https://www.traxsource.com/title/2037348/rapture
FALSE,2023-06-09,Beatport,Luke Garcia,Luke Garcia - Let Go Chart Luke Garcia,https://www.beatport.com/chart/luke-garcia-let-go-chart/778775
FALSE,2023-06-09,Traxsource,Osunlade,Osunlade June Vibes 2023 - Traxsource,https://www.traxsource.com/title/2036324/osunlade-june-vibes-2023
FALSE,2023-06-01,Beatport,Angelos,"ANGELOS ""NEON NIGHTS"" CHART Angelos",https://www.beatport.com/chart/angelos-neon-nights-chart/777706
FALSE,2023-06-01,Beatport,Truncate,Unite June 2023 Truncate,https://www.beatport.com/chart/unite-june-2023/777688
FALSE,2023-06-01,Traxsource,Angelos,"ANGELOS ""NEON NIGHTS"" CHART",https://www.traxsource.com/title/2031488/angelos-neon-nights-chart
FALSE,2023-05-29,Beatport,Upercent,Dima Chart Upercent,https://www.beatport.com/chart/dima-chart/777249
FALSE,2023-05-09,Beatport,AFFKT,SPRING 2023 AFFKT,https://www.beatport.com/chart/spring-2023/774783
FALSE,2023-05-09,Beatport,Jimpster,Jimpster Chart for May 2023 Jimpster,https://www.beatport.com/chart/jimpster-chart-for-may-2023/774793
FALSE,2023-05-07,Beatport,Luke Garcia,Luke Garcia Cluve Spring Chart Luke Garcia,https://www.beatport.com/chart/luke-garcia-cluve-spring-chart/774578
FALSE,2023-05-05,Beatport,Andre Lodemann,May 2023 Andre Lodemann,https://www.beatport.com/chart/may-2023/774294
FALSE,2023-05-05,Beatport,Fideles,Symbiosis Two Fideles,https://www.beatport.com/chart/symbiosis-two/774375
FALSE,2023-05-01,Beatport,Andhim,"andhim ""Life"" charts Andhim",https://www.beatport.com/chart/andhim-life-charts/775862
FALSE,2023-04-17,Traxsource,Atjazz,Atjazz - April 2023,https://www.traxsource.com/title/2002754/atjazz-april-2023
FALSE,2023-04-14,Beatport,VONDA7,Perception VONDA7,https://www.beatport.com/chart/perception/771724
FALSE,2023-04-13,Beatport,Helmut Dubnitzky,Now Helmut Dubnitzky,https://www.beatport.com/chart/now/771590
FALSE,2023-04-11,Beatport,Jimpster,Jimpster Chart for April '23 Jimpster,https://www.beatport.com/chart/jimpster-chart-for-april-23/771342
FALSE,2023-04-07,Traxsource,Atmos Blaq,Kwa Mama Season,https://www.traxsource.com/title/1989772/kwa-mama-season
FALSE,2023-03-28,Beatport,Truncate,Shine On Truncate,https://www.beatport.com/chart/shine-on/769684
FALSE,2023-03-26,Beatport,Fideles,Spring Chart Fideles,https://www.beatport.com/chart/spring-chart/769395
FALSE,2023-03-18,Beatport,Atjazz,Atjazz March 2023 Atjazz,https://www.beatport.com/chart/atjazz-march-2023/768476
FALSE,2023-03-16,Beatport,Rampa,SPRING 2023 Rampa,https://www.beatport.com/chart/spring-2023/768164
FALSE,2023-03-15,Beatport,AFFKT,Unchained AFFKT,https://www.beatport.com/chart/unchained/768043
FALSE,2023-03-09,Traxsource,Atjazz,Atjazz - March 2023 on Traxsource,https://www.traxsource.com/title/1979215/atjazz-march-2023
FALSE,2023-03-03,Beatport,Fideles,Night After Night Fideles,https://www.beatport.com/chart/night-after-night/766414
FALSE,2023-03-03,Beatport,Re.you,Re.You March Chart Re.you,https://www.beatport.com/chart/reyou-march-chart/766381
FALSE,2023-03-01,Beatport,Andhim,"andhim ""Dance Again"" charts Andhim",https://www.beatport.com/chart/andhim-dance-again-charts/769455
FALSE,2023-02-18,Beatport,Jonas Rathsman,Mystery Man Chart Jonas Rathsman,https://www.beatport.com/chart/mystery-man-chart/764736
FALSE,2023-02-09,Traxsource,Adam Port,Drag & Drop Image Here,https://www.traxsource.com/title/1961825/drag-and-drop-image-here
FALSE,2023-02-08,Beatport,Rampa,PP Charts Rampa,https://www.beatport.com/chart/pp-charts/763454
FALSE,2023-02-08,Traxsource,Torrfisk,TORRFISK FEB PICKS,https://www.traxsource.com/title/1961324/torrfisk-feb-picks
FALSE,2023-02-02,Beatport,Truncate,February 2023 Cuts Truncate,https://www.beatport.com/chart/february-2023-cuts/762851
FALSE,2023-02-01,Traxsource,Atjazz,Atjazz - February 2023,https://www.traxsource.com/title/1956140/atjazz-february-2023
FALSE,2023-01-26,Beatport,Kolombo,Otherwise chart Kolombo,https://www.beatport.com/chart/otherwise-chart/761781
FALSE,2023-01-23,Beatport,AFFKT,Carriers AFFKT,https://www.beatport.com/chart/carriers/761332
FALSE,2023-01-18,Beatport,Jimpster,Jimpster Chart for January '23 Jimpster,https://www.beatport.com/chart/jimpster-chart-for-january-23/760665
FALSE,2023-01-15,Beatport,Fideles,January 2023 Fideles,https://www.beatport.com/chart/january-2023/760371
FALSE,2023-01-10,Traxsource,Atjazz,Atjazz - January 2023,https://www.traxsource.com/title/1942484/atjazz-january-2023
FALSE,2023-01-01,Traxsource,Osunlade,Osunlade July Jams 2023 on Traxsource,https://www.traxsource.com/title/2052806/osunlade-july-jams-2023
FALSE,2022-12-19,Beatport,Solomun,2022 Highlights Solomun,https://www.beatport.com/chart/2022-highlights/757711
FALSE,2022-12-09,Beatport,Nina Kraviz,hace ejercicios chart Nina Kraviz,https://www.beatport.com/chart/hace-ejercicios-chart/756531
FALSE,2022-12-09,Traxsource,Atjazz,Atjazz - December 22,https://www.traxsource.com/title/1929639/atjazz-december-22
FALSE,2022-12-06,Beatport,AFFKT,Last 2022 favourites AFFKT,https://www.beatport.com/chart/last-2022-favourites/756079
FALSE,2022-12-04,Beatport,Kolombo,Pick one Kolombo,https://www.beatport.com/chart/pick-one/755895
FALSE,2022-12-04,Traxsource,Osunlade,Osunlade Spectrum Chart on Traxsource,https://www.traxsource.com/title/1926401/osunlade-spectrum-chart
FALSE,2022-12-02,Beatport,Fideles,PERPETUAL CHART Fideles,https://www.beatport.com/chart/perpetual-chart/755651
FALSE,2022-11-24,Beatport,VONDA7,Bymyside VONDA7,https://www.beatport.com/chart/bymyside/754582
FALSE,2022-11-09,Traxsource,Atjazz,Atjazz - November 22 on Traxsource,https://www.traxsource.com/title/1912643/atjazz-november-22
FALSE,2022-11-02,Beatport,Upercent,Picot Chart Upercent,https://www.beatport.com/chart/picot-chart/751776
FALSE,2022-10-31,Beatport,Joris Voorn,Too Little Too Late Joris Voorn,https://www.beatport.com/chart/too-little-too-late/751510
FALSE,2022-10-31,Traxsource,Atjazz,Atjazz Reel People 100,https://www.traxsource.com/title/1907119/atjazz-reel-people-100
FALSE,2022-10-28,Traxsource,Atmos Blaq,T.R.O.A,https://www.traxsource.com/title/1905490/t-r-o-a
FALSE,2022-10-25,Beatport,Truncate,First Brew Truncate,https://www.beatport.com/chart/first-brew/750724
FALSE,2022-10-14,Beatport,Kolombo,Move Ur Body Kolombo,https://www.beatport.com/chart/move-ur-body/749380
FALSE,2022-10-10,Beatport,AFFKT,Raskayu AFFKT,https://www.beatport.com/chart/raskayu/748831
FALSE,2022-10-07,Beatport,Andhim,andhim Sober October Andhim,https://www.beatport.com/chart/andhim-sober-october/748511
FALSE,2022-10-06,Beatport,Pig&Dan,XX Pig&Dan chart Pig&Dan,https://www.beatport.com/chart/xx-pigdan-chart/748405
FALSE,2022-09-30,Beatport,Eats Everything,Eats Everything's Brighton to Bristol Chart Eats Everything's Brighton to Bristol Chart Eats Everything,https://www.beatport.com/chart/eats-everythings-brighton-to-bristol-chart/747566
FALSE,2022-09-19,Beatport,Fideles,Don't Push Fideles,https://www.beatport.com/chart/dont-push/746189
FALSE,2022-09-08,Beatport,Rampa,Burning Man 2022 Rampa,https://www.beatport.com/chart/burning-man-2022/744653
FALSE,2022-09-01,Traxsource,Masšh,Masšh - MOAFURIKA Chart on Traxsource,https://www.traxsource.com/title/1880470/moafurika-chart
FALSE,2022-08-31,Beatport,Jimpster,Jimpster Chart for September '22 Jimpster,https://www.beatport.com/chart/jimpster-chart-for-september-22/743573
FALSE,2022-08-26,Traxsource,Kreature,Kreature - Summer Weapons Chart,https://www.traxsource.com/title/1870566/kreature-summer-weapons-chart
FALSE,2022-08-25,Beatport,Truncate,Let Go Truncate,https://www.beatport.com/chart/let-go/742773
FALSE,2022-08-22,Traxsource,Atjazz,Atjazz - August 2022,https://www.traxsource.com/title/1867727/atjazz-august-2022
FALSE,2022-08-18,Beatport,Rampa,SUMMER 2022 Rampa,https://www.beatport.com/chart/summer-2022/741563
FALSE,2022-08-16,Beatport,Pig&Dan,LINK Artists | Pig&Dan - 20 Years Pig&Dan,https://www.beatport.com/chart/link-artists-pigdan-20-years/741353
FALSE,2022-08-09,Beatport,Maga,"Maga ""Disconnect "" Charts Maga",https://www.beatport.com/chart/maga-disconnect-charts/740011
FALSE,2022-08-05,Beatport,Fideles,Oblivion Chart Fideles,https://www.beatport.com/chart/oblivion-chart/738780
FALSE,2022-08-04,Beatport,Andre Lodemann,August 2022 Andre Lodemann,https://www.beatport.com/chart/august-2022/738669
FALSE,2022-08-03,Beatport,Mano Le Tough,LINK Artist | Mano Le Tough - August Already LINK Artist | Mano Le Tough - August Already Mano Le Tough,https://www.beatport.com/chart/link-artist-mano-le-tough-august-already/738291
FALSE,2022-07-29,Beatport,VONDA7,Another World within 29 Miles VONDA7,https://www.beatport.com/chart/another-world-within-29-miles/736874
FALSE,2022-07-29,Traxsource,Atjazz,Atjazz - July 2022,https://www.traxsource.com/title/1854820/atjazz-july-2022
FALSE,2022-07-27,Traxsource,Skream,Skream's Attention Deficit Chart - Traxsource,https://www.traxsource.com/title/1853141/skreams-attention-deficit-chart
FALSE,2022-07-22,Beatport,Fideles,Drain Chart Fideles,https://www.beatport.com/chart/drain-chart/735124
FALSE,2022-07-20,Beatport,Hyenah,LINK Artist | Hyenah - Beatport POTW Hyenah,https://www.beatport.com/chart/link-artist-hyenah-beatport-potw/734789
FALSE,2022-07-06,Beatport,Helmut Dubnitzky,Helmut Dubnitzky - La Meer Charts Helmut Dubnitzky,https://www.beatport.com/chart/helmut-dubnitzky-la-meer-charts/732350
FALSE,2022-07-05,Beatport,Angelos,LINK Artist | Angelos Angelos,https://www.beatport.com/chart/link-artist-angelos/731876
FALSE,2022-07-05,Beatport,Solomun,LINK Artist | Solomun - Summer 2022 LINK Artist | Solomun - Summer 2022 Solomun,https://www.beatport.com/chart/link-artist-solomun-summer-2022/731857
FALSE,2022-07-05,Beatport,Upercent,ARA Chart Upercent,https://www.beatport.com/chart/ara-chart/731842
FALSE,2022-07-05,Traxsource,Atjazz,I've been busy Pt.1,https://www.traxsource.com/title/1840493/ive-been-busy-pt-1
FALSE,2022-07-01,Traxsource,Steve Bug,Steve Bug - Steve Bug's August Chart on Traxsource,https://www.traxsource.com/title/1857844/steve-bugs-august-chart
FALSE,2022-06-22,Beatport,Bontan,GOLD TEETH Bontan,https://www.beatport.com/chart/gold-teeth/729442
FALSE,2022-06-15,Beatport,Los Suruba,Los Suruba pleasure people chart Los Suruba,https://www.beatport.com/chart/los-suruba-pleasure-people-chart/728639
FALSE,2022-06-14,Beatport,Jimpster,Jimpster Chart for June '22 Jimpster,https://www.beatport.com/chart/jimpster-chart-for-june-22/728472
FALSE,2022-06-09,Beatport,AFFKT,Keep Going AFFKT,https://www.beatport.com/chart/keep-going/727777
FALSE,2022-06-09,Beatport,Truncate,Devotion Truncate,https://www.beatport.com/chart/devotion/727796
FALSE,2022-06-08,Beatport,Fideles,OTHERSIDE CHARTS Fideles,https://www.beatport.com/chart/otherside-charts/727541
FALSE,2022-05-25,Beatport,Ninetoes,"NINETOES' ""DANCING KINGDOM"" CHARTS NINETOES' ""DANCING KINGDOM"" CHARTS Ninetoes",https://www.beatport.com/chart/ninetoes-dancing-kingdom-charts/725719
FALSE,2022-05-25,Beatport,Rampa,UUUU Rampa,https://www.beatport.com/chart/uuuu/725687
FALSE,2022-05-24,Beatport,Hardt Antoine,Hardt Antoine's 'Destined' Chart HardtAntoine,https://www.beatport.com/chart/hardt-antoines-destined-chart/725630
FALSE,2022-05-21,Traxsource,Angelos,"ANGELOS ""THE SYSTEM"" CHART",https://www.traxsource.com/title/1815611/angelos-the-system-chart
FALSE,2022-05-18,Beatport,Angelos,"ANGELOS ""THE SYSTEM"" CHART Angelos",https://www.beatport.com/chart/angelos-the-system-chart/724849
FALSE,2022-05-11,Beatport,Eats Everything,EATS EVERYTHING'S 'TELL YOU WHAT IT IS' CHART EATS EVERYTHING'S 'TELL YOU WHAT IT IS' CHART Eats Everything,https://www.beatport.com/chart/eats-everythings-tell-you-what-it-is-chart/723763
FALSE,2022-05-10,Beatport,Black Circle,Black Circle's Reality Check Chart Black Circle,https://www.beatport.com/chart/black-circles-reality-check-chart/723626
FALSE,2022-05-04,Beatport,Truncate,The Drill Truncate,https://www.beatport.com/chart/the-drill/722684
FALSE,2022-04-29,Beatport,Fideles,May 2022 Fideles,https://www.beatport.com/chart/may-2022/721996
FALSE,2022-04-29,Beatport,Jimpster,Jimpster chart for May 2022 Jimpster,https://www.beatport.com/chart/jimpster-chart-for-may-2022/721980
FALSE,2022-04-29,Traxsource,Manuel Tur,Manuel Tur - Love Me Well Chart on Traxsource,https://www.traxsource.com/title/1802850/love-me-well-chart
FALSE,2022-04-22,Beatport,Helmut Dubnitzky,"""Let The Freaks"" Charts Helmut Dubnitzky",https://www.beatport.com/chart/let-the-freaks-charts/721012
FALSE,2022-04-22,Traxsource,Atmos Blaq,Atmos Blaq - Let's Not Pretend Chart on Traxsource,https://www.traxsource.com/title/1797930/lets-not-pretend-chart
FALSE,2022-04-19,Traxsource,Atjazz,Atjazz - April 2022,https://www.traxsource.com/title/1796465/atjazz-april-2022
FALSE,2022-04-16,Beatport,AFFKT,Desbrasat AFFKT,https://www.beatport.com/chart/desbrasat/720149
FALSE,2022-04-16,Beatport,Bontan,Stutterman Bontan,https://www.beatport.com/chart/stutterman/720230
FALSE,2022-03-26,Beatport,Helmut Dubnitzky,"""Like Thief"" Charts Helmut Dubnitzky",https://www.beatport.com/chart/like-thief-charts/717189
FALSE,2022-03-25,Beatport,Joris Voorn,"""Fool's Paradise"" (Joris Voorn Remix) Chart ""Fool's Paradise"" (Joris Voorn Remix) Chart Mees Salomé",https://www.beatport.com/chart/fools-paradise-joris-voorn-remix-chart/717030
FALSE,2022-03-18,Beatport,Jonas Rathsman,Heartbeat chart Jonas Rathsman,https://www.beatport.com/chart/heartbeat-chart/716088
FALSE,2022-03-17,Beatport,Bontan,AGENDA Bontan,https://www.beatport.com/chart/agenda/715965
FALSE,2022-03-17,Traxsource,Atjazz,Atjazz - March 2022,https://www.traxsource.com/title/1776965/atjazz-march-2022
FALSE,2022-03-15,Beatport,Seth Troxler,Seth Troxler Artist Series Beatport,https://www.beatport.com/chart/seth-troxler-artist-series/715637
FALSE,2022-03-14,Beatport,Solomun,Mar-2022 Solomun,https://www.beatport.com/chart/mar2022/715506
FALSE,2022-03-08,Beatport,VONDA7,LINK Artist | VONDA7 - Happy IWD VONDA7,https://www.beatport.com/chart/link-artist-vonda7-happy-iwd/714554
FALSE,2022-03-07,Beatport,Jimpster,Jimpster Chart for March '22 Jimpster,https://www.beatport.com/chart/jimpster-chart-for-march-22/714480
FALSE,2022-03-03,Beatport,Joris Voorn,USA Winter Tour Chart Joris Voorn,https://www.beatport.com/chart/usa-winter-tour-chart/713923
FALSE,2022-03-03,Beatport,Keinemusik,LINK Label | Keinemusik Beatport,https://www.beatport.com/chart/link-label-keinemusik/713924
FALSE,2022-02-28,Beatport,Fideles,River Chart Fideles,https://www.beatport.com/chart/river-chart/713503
FALSE,2022-02-25,Beatport,AFFKT,Misconceptions AFFKT,https://www.beatport.com/chart/misconceptions/713078
FALSE,2022-02-09,Beatport,Carl Craig,Carl Craig's All Black Digital 2022 Carl Craig,https://www.beatport.com/chart/carl-craigs-all-black-digital-2022/710746
FALSE,2022-02-04,Beatport,Truncate,2022 Whatcha Gonna Do? Truncate,https://www.beatport.com/chart/2022-whatcha-gonna-do/710008
FALSE,2022-02-01,Traxsource,Osunlade,Osunlade February 2022 Top Jams on Traxsource,https://www.traxsource.com/title/1750607/osunlade-february-2022-top-jams
FALSE,2022-02-01,Traxsource,Atjazz,Atjazz - February 2022,https://www.traxsource.com/title/1750614/atjazz-february-2022
FALSE,2022-01-31,Beatport,Jimpster,Jimpster chart for February '22 Jimpster,https://www.beatport.com/chart/jimpster-chart-for-february-22/709363
FALSE,2022-01-31,Beatport,VONDA7,High Tide x Lepiej Mi x 99 VONDA7,https://www.beatport.com/chart/high-tide-x-lepiej-mi-x-99/709337
FALSE,2022-01-28,Beatport,Fideles,SYMBIOSIS Fideles,https://www.beatport.com/chart/symbiosis/709018
FALSE,2022-01-22,Beatport,Andhim,andhim Choose Love Charts Andhim,https://www.beatport.com/chart/andhim-choose-love-charts/708164
FALSE,2022-01-10,Beatport,Atjazz,Atjazz - January 2022 Atjazz,https://www.beatport.com/chart/atjazz-january-2022/706587
FALSE,2022-01-10,Traxsource,Atjazz,Atjazz - January 2022,https://www.traxsource.com/title/1736334/atjazz-january-2022
FALSE,2022-01-09,Beatport,Bontan,"""More Than (Bontan Remix)"" Charts Virak",https://www.beatport.com/chart/more-than-bontan-remix-charts/706504
FALSE,2021-12-29,Beatport,Angelos,"ANGELOS ""TOP 21"" Angelos",https://www.beatport.com/chart/angelos-top-21/705365
FALSE,2021-12-20,Beatport,Re.you,Liked by Re.You Re.you,https://www.beatport.com/chart/liked-by-reyou/704575
FALSE,2021-12-16,Beatport,Truncate,10 YEARS OF TRUNCATE Truncate,https://www.beatport.com/chart/10-years-of-truncate/704104
FALSE,2021-12-15,Beatport,Ninetoes,"NINETOES' ""HONEY BEE"" CHARTS Ninetoes",https://www.beatport.com/chart/ninetoes-honey-bee-charts/704031
FALSE,2021-12-13,Beatport,AFFKT,Sincopat 100 AFFKT,https://www.beatport.com/chart/sincopat-100/703723
FALSE,2021-12-13,Beatport,Jimpster,Jimpster Chart for December '21 Jimpster,https://www.beatport.com/chart/jimpster-chart-for-december-21/703683
FALSE,2021-12-08,Beatport,Fideles,December 2021 Fideles,https://www.beatport.com/chart/december-2021/703095
FALSE,2021-12-07,Beatport,AFFKT,Sincopat's 100th - 10 essential tracks Sincopat's 100th - 10 essential tracks AFFKT,https://www.beatport.com/chart/sincopats-100th-10-essential-tracks/702980
FALSE,2021-11-30,Beatport,Atjazz,Atjazz December 2021 Atjazz,https://www.beatport.com/chart/atjazz-december-2021/701940
FALSE,2021-11-29,Beatport,Butch,LINK Artist | Butch - Together One Butch,https://www.beatport.com/chart/link-artist-butch-together-one/701792
FALSE,2021-11-29,Beatport,Truncate,OBSERVE 2021 Truncate,https://www.beatport.com/chart/observe-2021/701839
FALSE,2021-11-26,Beatport,Los Suruba,Los Suruba Helix chart Los Suruba,https://www.beatport.com/chart/los-suruba-helix-chart/701553
FALSE,2021-11-24,Beatport,Helmut Dubnitzky,"""Hands On"" Charts Helmut Dubnitzky",https://www.beatport.com/chart/hands-on-charts/701271
FALSE,2021-11-15,Beatport,Jimpster,Jimpster Chart For November '21 Jimpster,https://www.beatport.com/chart/jimpster-chart-for-november-21/700290
FALSE,2021-11-11,Beatport,Kolombo,NOV 21 Kolombo,https://www.beatport.com/chart/nov-21/699785
FALSE,2021-11-10,Traxsource,Atjazz,Atjazz - November 2021,https://www.traxsource.com/title/1706385/atjazz-november-2021
FALSE,2021-11-08,Beatport,Joris Voorn,Joris Voorn November Chart Joris Voorn,https://www.beatport.com/chart/joris-voorn-november-chart/699453
FALSE,2021-11-04,Beatport,Bontan,BIG KHALIFA Bontan,https://www.beatport.com/chart/big-khalifa/698898
FALSE,2021-10-28,Beatport,Upercent,Sentit Opost Chart Upercent,https://www.beatport.com/chart/sentit-opost-chart/698069
FALSE,2021-10-20,Beatport,Ninetoes,Ninetoes' POLANCO HILLS Charts Ninetoes,https://www.beatport.com/chart/ninetoes-polanco-hills-charts/697153
FALSE,2021-10-11,Beatport,Truncate,First Phase Truncate,https://www.beatport.com/chart/first-phase/696131
FALSE,2021-10-01,Beatport,Kolombo,Hate it charts Kolombo,https://www.beatport.com/chart/hate-it-charts/694925
FALSE,2021-09-24,Beatport,Agoria,LINK Artist | Agoria - Midnite Frontline LINK Artist | Agoria - Midnite Frontline Agoria,https://www.beatport.com/chart/link-artist-agoria-midnite-frontline/694067
FALSE,2021-09-15,Beatport,Jimpster,Jimpster Chart for September '21 Jimpster,https://www.beatport.com/chart/jimpster-chart-for-september-21/693018
FALSE,2021-09-13,Beatport,Helmut Dubnitzky,"""Go & See"" Charts Helmut Dubnitzky",https://www.beatport.com/chart/go-see-charts/692801
FALSE,2021-09-08,Traxsource,Adam Port,CONFUSIONCONFUSIONCONFUSION,https://www.traxsource.com/title/1668747/confusionconfusionconfusion
FALSE,2021-09-02,Beatport,Fideles,Visions 2021 Fideles,https://www.beatport.com/chart/visions-2021/691539
FALSE,2021-08-30,Beatport,Solomun,FTTF 20 Solomun,https://www.beatport.com/chart/fttf-20/691106
FALSE,2021-08-23,Beatport,Kolombo,Wicked! Kolombo,https://www.beatport.com/chart/wicked/690307
FALSE,2021-08-20,Beatport,Innellea,Boavista (Innellea Remix) Charts Innellea,https://www.beatport.com/chart/boavista-innellea-remix-charts/690014
FALSE,2021-08-19,Beatport,Truncate,FLY ON Truncate,https://www.beatport.com/chart/fly-on/689909
FALSE,2021-08-18,Beatport,Terranova,MASS EFFECT // TERRANOVA Odagled,https://www.beatport.com/chart/mass-effect-terranova/689773
FALSE,2021-08-17,Beatport,Jimpster,LINK Artist | Jimpster - Double Dose LINK Artist | Jimpster - Double Dose Jimpster,https://www.beatport.com/chart/link-artist-jimpster-double-dose/689731
FALSE,2021-08-17,Traxsource,Atjazz,Atjazz - August 2021,https://www.traxsource.com/title/1657206/atjazz-august-2021
FALSE,2021-08-04,Beatport,Bontan,Bontan's 51st State Chart Bontan,https://www.beatport.com/chart/bontans-51st-state-chart/688124
FALSE,2021-07-30,Beatport,AFFKT,The Big Picture AFFKT,https://www.beatport.com/chart/the-big-picture/687520
FALSE,2021-07-26,Beatport,Ninetoes,NINETOES' THE PIED PIPERS CHARTS NINETOES' THE PIED PIPERS CHARTS Ninetoes,https://www.beatport.com/chart/ninetoes-the-pied-pipers-charts/687013
FALSE,2021-07-23,Beatport,Fideles,Transporting us into the future... Fideles,https://www.beatport.com/chart/transporting-us-into-the-future/686677
FALSE,2021-07-23,Beatport,Kolombo,Coltrane chart Kolombo,https://www.beatport.com/chart/coltrane-chart/686667
FALSE,2021-07-22,Beatport,Nina Kraviz,Nina Kraviz Skyscrapers Chart Nina Kraviz,https://www.beatport.com/chart/nina-kraviz-skyscrapers-chart/686571
FALSE,2021-07-17,Beatport,Helmut Dubnitzky,Helmut Dubnitzky - For the Cat Charts Helmut Dubnitzky - For the Cat Charts Helmut Dubnitzky,https://www.beatport.com/chart/helmut-dubnitzky-for-the-cat-charts/686040
FALSE,2021-07-16,Beatport,Eats Everything,LINK Artist | Eats Everything - Revolution LINK Artist | Eats Everything - Revolution Eats Everything,https://www.beatport.com/chart/link-artist-eats-everything-revolution/685945
FALSE,2021-07-16,Beatport,Eats Everything,Eats Everything’s self indulgent chart Eats Everything’s self indulgent chart Eats Everything,https://www.beatport.com/chart/eats-everythings-self-indulgent-chart/685939
FALSE,2021-07-13,Beatport,Truncate,Back At It Truncate,https://www.beatport.com/chart/back-at-it/685681
FALSE,2021-07-12,Beatport,Andre Lodemann,The Deeper You Go Andre Lodemann,https://www.beatport.com/chart/the-deeper-you-go/685498
FALSE,2021-07-12,Traxsource,Atjazz,Atjazz - My Recent Work 1,https://www.traxsource.com/title/1635315/atjazz-my-recent-work-1
FALSE,2021-07-12,Traxsource,Atjazz,Atjazz - July 2021,https://www.traxsource.com/title/1635314/atjazz-july-2021
FALSE,2021-07-09,Beatport,Bontan,TAKE CONTROL Bontan,https://www.beatport.com/chart/take-control/685223
FALSE,2021-07-07,Traxsource,Torrfisk,"Torrfisk ""July Pajammy Jam""",https://www.traxsource.com/title/1633121/torrfisk-july-pajammy-jam
FALSE,2021-07-01,Traxsource,Eats Everything,Eats Everything - EATS EVERYTHINGS SELF INDULGENT CHART ...,https://www.traxsource.com/title/1645533/eats-everythings-self-indulgent-chart
FALSE,2021-06-25,Traxsource,Atmos Blaq,Mthuthuzeli Picks,https://www.traxsource.com/title/1618146/mthuthuzeli-picks
FALSE,2021-06-17,Beatport,Carl Craig,Carl Craig's Circoloco Chart Carl Craig,https://www.beatport.com/chart/carl-craigs-circoloco-chart/682310
FALSE,2021-06-13,Beatport,AFFKT,Let It Burn AFFKT,https://www.beatport.com/chart/let-it-burn/681829
FALSE,2021-06-12,Beatport,Solomun,Nobody is not loved Solomun,https://www.beatport.com/chart/nobody-is-not-loved/681681
FALSE,2021-06-04,Beatport,Rampa,back home soon Rampa,https://www.beatport.com/chart/back-home-soon/680823
FALSE,2021-06-04,Traxsource,Atmos Blaq,Nefarious Picks,https://www.traxsource.com/title/1610080/nefarious-picks
FALSE,2021-06-02,Beatport,Truncate,Keep On Jackin Truncate,https://www.beatport.com/chart/keep-on-jackin/680499
FALSE,2021-05-27,Beatport,Fideles,Spring/Summer 2021 Fideles,https://www.beatport.com/chart/springsummer-2021/679609
FALSE,2021-05-20,Beatport,Upercent,Inconformisme Chart Upercent,https://www.beatport.com/chart/inconformisme-chart/678870
FALSE,2021-05-11,Beatport,AFFKT,Analog Garden AFFKT,https://www.beatport.com/chart/analog-garden/677768
FALSE,2021-05-11,Beatport,Andhim,andhim - May Charts Andhim,https://www.beatport.com/chart/andhim-may-charts/677691
FALSE,2021-05-07,Beatport,Kolombo,May2021 Kolombo,https://www.beatport.com/chart/may2021/677328
FALSE,2021-05-07,Beatport,Ninetoes,Ninetoes' ATA Charts Ninetoes,https://www.beatport.com/chart/ninetoes-ata-charts/677241
FALSE,2021-04-22,Beatport,Jonas Rathsman,Earth Day Chart Jonas Rathsman,https://www.beatport.com/chart/earth-day-chart/675139
FALSE,2021-04-22,Beatport,Joris Voorn,LINK Artist | Joris Voorn - Blinding Lights LINK Artist | Joris Voorn - Blinding Lights Joris Voorn,https://www.beatport.com/chart/link-artist-joris-voorn-blinding-lights/675155
FALSE,2021-04-22,Beatport,Murat Uncuoglu,Murat Uncuoglu's Invisible Eyes Chart Murat Uncuoglu's Invisible Eyes Chart Murat Uncuoglu,https://www.beatport.com/chart/murat-uncuoglus-invisible-eyes-chart/675140
FALSE,2021-04-19,Traxsource,Atmos Blaq,Atmos Blaq Hand Picks,https://www.traxsource.com/title/1577568/atmos-blaq-hand-picks
FALSE,2021-04-18,Beatport,Kolombo,Wait & See Kolombo,https://www.beatport.com/chart/wait-see/674614
FALSE,2021-04-15,Beatport,Truncate,Hood Thang Truncate,https://www.beatport.com/chart/hood-thang/674295
FALSE,2021-04-14,Beatport,Andhim,LINK Artist | Andhim - Alternative Electronic LINK Artist | Andhim - Alternative Electronic Andhim,https://www.beatport.com/chart/link-artist-andhim-alternative-electronic/674234
FALSE,2021-04-12,Beatport,Butch,TESTAROSSA - BUTCH Butch,https://www.beatport.com/chart/testarossa-butch/673893
FALSE,2021-04-06,Traxsource,&ME,Discoteca,https://www.traxsource.com/title/1568293/discoteca
FALSE,2021-04-03,Traxsource,Seth Troxler,Seth Troxler's '49 to make you grind MAW chart' - Traxsource,https://www.traxsource.com/title/1567373/seth-troxlers-49-to-make-you-grind-maw-chart
FALSE,2021-04-01,Traxsource,Atjazz,Atjazz MAW Records,https://www.traxsource.com/title/1565171/atjazz-maw-records
FALSE,2021-03-29,Beatport,Helmut Dubnitzky,City Walk Charts Helmut Dubnitzky,https://www.beatport.com/chart/city-walk-charts/672038
FALSE,2021-03-27,Beatport,Emanuel Satie,LINK Artist | Emanuel Satie - Liberation LINK Artist | Emanuel Satie - Liberation Emanuel Satie,https://www.beatport.com/chart/link-artist-emanuel-satie-liberation/671764
FALSE,2021-03-27,Beatport,Truncate,PNQ Truncate,https://www.beatport.com/chart/pnq/671773
FALSE,2021-03-19,Beatport,Radio Slave,RADIO SILENCE Radio Slave,https://www.beatport.com/chart/radio-silence/670586
FALSE,2021-03-18,Traxsource,Atjazz,Atjazz March 2021,https://www.traxsource.com/title/1554553/atjazz-march-2021
FALSE,2021-03-09,Beatport,Kolombo,March Chart 21 Kolombo,https://www.beatport.com/chart/march-chart-21/669274
FALSE,2021-03-05,Beatport,Andhim,Andhim March charts Andhim,https://www.beatport.com/chart/andhim-march-charts/668586
FALSE,2021-03-04,Traxsource,Enoo Napa,Sondela Is Calling Chart on Traxsource - Enoo Napa,https://www.traxsource.com/title/1544440/sondela-is-calling-chart
FALSE,2021-03-03,Beatport,Ninetoes,Ninetoes' SAME SAME but FEEL IT Charts Ninetoes,https://www.beatport.com/chart/ninetoes-same-same-but-feel-it-charts/668426
FALSE,2021-03-01,Beatport,Truncate,Vibrate Truncate,https://www.beatport.com/chart/vibrate/668052
FALSE,2021-03-01,Traxsource,Enoo Napa,Enoo Napa - Sofiatown Tribute Chart on Traxsource,https://www.traxsource.com/title/1544439/sofiatown-tribute-chart
FALSE,2021-03-01,Traxsource,Masšh,Masšh - Ditoro Txaka Chart on Traxsource,https://www.traxsource.com/title/1571268/ditoro-txaka-chart
FALSE,2021-02-26,Beatport,Bontan,Set Your Soul On Fire Bontan,https://www.beatport.com/chart/set-your-soul-on-fire/667632
FALSE,2021-02-24,Beatport,Rampa,2000 Rampa,https://www.beatport.com/chart/2000/667267
FALSE,2021-02-23,Beatport,Re.you,Sun Sun Sun by Re.You Re.you,https://www.beatport.com/chart/sun-sun-sun-by-reyou/667112
FALSE,2021-02-16,Beatport,Jimpster,Jimpster Chart For February 2021 Jimpster,https://www.beatport.com/chart/jimpster-chart-for-february-2021/666127
FALSE,2021-02-15,Beatport,Kolombo,Feb Chart Kolombo,https://www.beatport.com/chart/feb-chart/665989
FALSE,2021-02-10,Beatport,AFFKT,Forward-looking Thinking AFFKT,https://www.beatport.com/chart/forwardlooking-thinking/665227
FALSE,2021-02-09,Traxsource,Atjazz,Atjazz - In Tribute To PHLASH,https://www.traxsource.com/title/1526827/atjazz-in-tribute-to-phlash
FALSE,2021-02-08,Beatport,Truncate,DTW 2 LAX Truncate,https://www.beatport.com/chart/dtw-2-lax/664993
FALSE,2021-02-02,Beatport,Andre Lodemann,Still Searching Charts Andre Lodemann,https://www.beatport.com/chart/still-searching-charts/664067
FALSE,2021-02-01,Traxsource,Atmos Blaq,Atmos Blaq - Atmos Blaq Picks on Traxsource,https://www.traxsource.com/title/1528195/atmos-blaq-picks
FALSE,2021-01-31,Beatport,Andhim,andhim February charts Andhim,https://www.beatport.com/chart/andhim-february-charts/663502
FALSE,2021-01-30,Beatport,Sante,January 2021 - Sante Re Union Chart January 2021 - Sante Re Union Chart Sifa,https://www.beatport.com/chart/january-2021-sante-re-union-chart/663363
FALSE,2021-01-29,Beatport,Fideles,FIDELES: Feb 2021 Fideles,https://www.beatport.com/chart/fideles-feb-2021/662987
FALSE,2021-01-21,Beatport,Los Suruba,Los Suruba signals chart Los Suruba,https://www.beatport.com/chart/los-suruba-signals-chart/661457
FALSE,2021-01-19,Beatport,Black Circle,Black Circle Ucha,https://www.beatport.com/chart/black-circle/661119
FALSE,2021-01-18,Traxsource,Bontan,Kalambo,https://www.traxsource.com/title/1509845/kalambo
FALSE,2021-01-13,Beatport,Truncate,Here We Go 2021... Truncate,https://www.beatport.com/chart/here-we-go-2021/660000
FALSE,2020-12-24,Beatport,Kolombo,XMAS Chart Kolombo,https://www.beatport.com/chart/xmas-chart/657725
FALSE,2020-12-18,Beatport,Bontan,Kalambo Bontan,https://www.beatport.com/chart/kalambo/657004
FALSE,2020-12-16,Beatport,Jimpster,Jimpster Chart for December 2020 Jimpster,https://www.beatport.com/chart/jimpster-chart-for-december-2020/656800
FALSE,2020-12-16,Beatport,Keinemusik,MUSIC LOCKER RADIO Keinemusik Beatport,https://www.beatport.com/chart/music-locker-radio-keinemusik/656764
FALSE,2020-12-15,Beatport,Truncate,TRUNCATE/WRKTRX Best of 2020 Truncate,https://www.beatport.com/chart/truncatewrktrx-best-of-2020/656603
FALSE,2020-12-11,Beatport,Upercent,Carrer Bonaire Chart Upercent,https://www.beatport.com/chart/carrer-bonaire-chart/656066
FALSE,2020-12-10,Beatport,Murat Uncuoglu,MURAT UNCUOGLU 20 / 20 Murat Uncuoglu,https://www.beatport.com/chart/murat-uncuoglu-20-20/656028
FALSE,2020-12-06,Traxsource,Atjazz,Atjazz December 2020,https://www.traxsource.com/title/1486738/atjazz-december-2020
FALSE,2020-12-02,Beatport,Los Suruba,Los Suruba Viracochas chart Los Suruba,https://www.beatport.com/chart/los-suruba-viracochas-chart/654854
FALSE,2020-12-02,Traxsource,Angelos,"DJ ANGELO ""SURRENDER"" CHART DECEMBER 2020",https://www.traxsource.com/title/1483410/dj-angelo-surrender-chart-december-2020
FALSE,2020-12-01,Traxsource,Angelos,"Angelos - ANGELOS ""BUDÁH"" CHART on Traxsource",https://www.traxsource.com/title/2110165/angelos-budah-chart
FALSE,2020-12-01,Traxsource,Angelos,"Angelos - ANGELOS ""LA JUNGLA"" CHART on Traxsource",https://www.traxsource.com/title/2060353/angelos-la-jungla-chart
FALSE,2020-12-01,Traxsource,Enoo Napa,Enoo Napa - Desert Chart on Traxsource,https://www.traxsource.com/title/1484188/desert-chart
FALSE,2020-11-30,Beatport,Helmut Dubnitzky,Proll / Doll Charts Helmut Dubnitzky,https://www.beatport.com/chart/proll-doll-charts/654478
FALSE,2020-11-20,Beatport,Truncate,We Don't Slap Truncate,https://www.beatport.com/chart/we-dont-slap/653015
FALSE,2020-11-19,Beatport,Joris Voorn,Joris Voorn GU Rotterdam Chart Joris Voorn,https://www.beatport.com/chart/joris-voorn-gu-rotterdam-chart/652920
FALSE,2020-11-17,Beatport,Andhim,andhim November charts Andhim,https://www.beatport.com/chart/andhim-november-charts/652562
FALSE,2020-11-11,Traxsource,Atjazz,Atjazz - Best of Lazy Days Chart on Traxsource,https://www.traxsource.com/title/1470455/atjazz-best-of-lazy-days-chart
FALSE,2020-11-09,Traxsource,Dixon,November Winter Warmers - Alan Dixon - Traxsource,https://www.traxsource.com/title/1468769/november-winter-warmers
FALSE,2020-11-03,Beatport,Upercent,Llum Chart Upercent,https://www.beatport.com/chart/llum-chart/650875
FALSE,2020-11-02,Traxsource,Tim Engelhardt,Love Dose Chart,https://www.traxsource.com/title/1463175/love-dose-chart
FALSE,2020-10-29,Beatport,Agoria,Agoria October 2020 Agoria,https://www.beatport.com/chart/agoria-october-2020/649945
FALSE,2020-10-29,Beatport,VONDA7,Change Of Vibrations VONDA7,https://www.beatport.com/chart/change-of-vibrations/650017
FALSE,2020-10-27,Beatport,Truncate,Shake Sequence Truncate,https://www.beatport.com/chart/shake-sequence/649754
FALSE,2020-10-23,Beatport,Jimpster,Jimpster chart for November 2020 Jimpster,https://www.beatport.com/chart/jimpster-chart-for-november-2020/649207
FALSE,2020-10-20,Beatport,Kolombo,Siel Chart Kolombo,https://www.beatport.com/chart/siel-chart/648839
FALSE,2020-10-20,Beatport,Ninetoes,Ninetoes' Cassette Tape Charts Ninetoes,https://www.beatport.com/chart/ninetoes-cassette-tape-charts/648885
FALSE,2020-10-20,Beatport,Solomun,"""HOME"" Solomun",https://www.beatport.com/chart/home/648860
FALSE,2020-10-19,Beatport,AFFKT,Torpedo AFFKT,https://www.beatport.com/chart/torpedo/648644
FALSE,2020-10-15,Beatport,Bontan,FOREIGN LANDS Bontan,https://www.beatport.com/chart/foreign-lands/648075
FALSE,2020-10-07,Beatport,Tiefschwarz,tiefschwarz Indian summer charts 10/20 tiefschwarz Indian summer charts 10/20 Tiefschwarz,https://www.beatport.com/chart/tiefschwarz-indian-summer-charts-1020/647027
FALSE,2020-10-04,Beatport,Truncate,Work This Chart Truncate,https://www.beatport.com/chart/work-this-chart/646601
FALSE,2020-09-30,Beatport,Baime,2nd Wave of Baime Baime,https://www.beatport.com/chart/2nd-wave-of-baime/645965
FALSE,2020-09-29,Beatport,Radio Slave,RADIO SLAVE “DON’T STOP” CHART RADIO SLAVE “DON’T STOP” CHART Radio Slave,https://www.beatport.com/chart/radio-slave-dont-stop-chart/645809
FALSE,2020-09-22,Beatport,Los Suruba,Los Suruba En las Dalias chart Los Suruba,https://www.beatport.com/chart/los-suruba-en-las-dalias-chart/644834
FALSE,2020-09-18,Beatport,Jimpster,Jimpster Chart for September 2020 Jimpster,https://www.beatport.com/chart/jimpster-chart-for-september-2020/644279
FALSE,2020-09-14,Beatport,AFFKT,Autumn Fusion AFFKT,https://www.beatport.com/chart/autumn-fusion/643759
FALSE,2020-09-14,Traxsource,Osunlade,Osunlade September 2020 Top 10 on Traxsource,https://www.traxsource.com/title/1431260/osunlade-september-2020-top-10
FALSE,2020-09-09,Beatport,Truncate,It's Still Not Over Truncate,https://www.beatport.com/chart/its-still-not-over/643106
FALSE,2020-09-08,Beatport,Nina Kraviz,Nina Kraviz September Chart Nina Kraviz,https://www.beatport.com/chart/nina-kraviz-september-chart-/642882
FALSE,2020-09-07,Beatport,Helmut Dubnitzky,Helmut Dubnitzky - Pony Cowboy Charts Helmut Dubnitzky - Pony Cowboy Charts Helmut Dubnitzky,https://www.beatport.com/chart/helmut-dubnitzky-pony-cowboy-charts/642781
FALSE,2020-09-04,Beatport,Kolombo,September Kolombo,https://www.beatport.com/chart/september/642388
FALSE,2020-09-01,Beatport,Rampa,BIND FACTOR Rampa,https://www.beatport.com/chart/bind-factor/641938
FALSE,2020-08-28,Beatport,Ninetoes,Ninetoes' Quarantine Love Charts Ninetoes,https://www.beatport.com/chart/ninetoes-quarantine-love-charts/641113
FALSE,2020-08-26,Beatport,Atjazz,Atjazz - August 2020 Atjazz,https://www.beatport.com/chart/atjazz-august-2020/640801
FALSE,2020-08-24,Traxsource,Tim Engelhardt,'Best of Poker Flat',https://www.traxsource.com/title/1419914/best-of-poker-flat
FALSE,2020-08-20,Beatport,Jonas Rathsman,Summer Selections Jonas Rathsman,https://www.beatport.com/chart/summer-selections/639930
FALSE,2020-08-13,Beatport,Andhim,andhim Toy Toy charts Andhim,https://www.beatport.com/chart/andhim-toy-toy-charts/638894
FALSE,2020-08-13,Beatport,Kolombo,August 2020 Kolombo,https://www.beatport.com/chart/august-2020/638862
FALSE,2020-08-13,Traxsource,Dennis Ferrer,Dennis Ferrer - Sunny Days Chart on Traxsource,https://www.traxsource.com/title/1412782/dennis-ferrer-sunny-days-chart
FALSE,2020-08-08,Beatport,VONDA7,10th release on art | werk chart VONDA7,https://www.beatport.com/chart/10th-release-on-art-werk-chart/638118
FALSE,2020-08-06,Traxsource,Dixon,DJ Sir Charles Dixon's August Happy Birthday Top 15 Chart,https://www.traxsource.com/title/1408687/dj-sir-charles-dixons-august-happy-birthday-top-15-chart
FALSE,2020-08-03,Beatport,Radio Slave,RADIO SLAVE “TOGETHER WE STAND” CHART RADIO SLAVE “TOGETHER WE STAND” CHART Radio Slave,https://www.beatport.com/chart/radio-slave-together-we-stand-chart/637271
FALSE,2020-07-31,Beatport,Rampa,VOD Rampa,https://www.beatport.com/chart/vod/636932
FALSE,2020-07-28,Traxsource,Angelos,"DJ ANGELO ""BABEL"" CHART JULY 2020",https://www.traxsource.com/title/1403336/dj-angelo-babel-chart-july-2020
FALSE,2020-07-27,Traxsource,Hyenah,Hyenah - Music Stays Music Charts on Traxsource,https://www.traxsource.com/title/1402847/music-stays-music-charts
FALSE,2020-07-20,Beatport,Fideles,Fideles | August 2020 Fideles,https://www.beatport.com/chart/fideles-august-2020/635072
FALSE,2020-07-18,Beatport,AFFKT,Matoji AFFKT,https://www.beatport.com/chart/matoji/634879
FALSE,2020-07-16,Beatport,Tiefschwarz,tiefschwarz introspection charts July 20 tiefschwarz introspection charts July 20 Tiefschwarz,https://www.beatport.com/chart/tiefschwarz-introspection-charts-july-20/634521
FALSE,2020-07-14,Beatport,Helmut Dubnitzky,This Helmut Dubnitzky,https://www.beatport.com/chart/this/634281
FALSE,2020-07-14,Beatport,Kolombo,Rhythm Stack Chart Kolombo,https://www.beatport.com/chart/rhythm-stack-chart/634131
FALSE,2020-07-14,Beatport,Truncate,July 2020 Covid Cutz Truncate,https://www.beatport.com/chart/july-2020-covid-cutz/634322
FALSE,2020-07-13,Beatport,Radio Slave,RADIO SLAVE - STAY OUT ALL NIGHT CHART RADIO SLAVE - STAY OUT ALL NIGHT CHART Radio Slave,https://www.beatport.com/chart/radio-slave-stay-out-all-night-chart-/634017
FALSE,2020-07-12,Beatport,Edu Imbernon,Edu Imbernon Luma Charts Edu Imbernon,https://www.beatport.com/chart/edu-imbernon-luma-charts/633877
FALSE,2020-07-08,Beatport,Ninetoes,"Ninetoes' ""PAROLE CHARTS"" Ninetoes",https://www.beatport.com/chart/ninetoes-parole-charts/633351
FALSE,2020-07-01,Traxsource,Torrfisk,Torrfisk - TORRFISK MAY PICKS on Traxsource,https://www.traxsource.com/title/1150627/torrfisk-may-picks
FALSE,2020-06-30,Beatport,VONDA7,Peace Transition VONDA7,https://www.beatport.com/chart/peace-transition/631904
FALSE,2020-06-16,Beatport,AFFKT,Your Story is part of me AFFKT,https://www.beatport.com/chart/your-story-is-part-of-me/629729
FALSE,2020-06-15,Beatport,Kolombo,Remember Chart Kolombo,https://www.beatport.com/chart/remember-chart/629520
FALSE,2020-06-13,Beatport,Jimpster,Jimpster Chart for June 2020 Jimpster,https://www.beatport.com/chart/jimpster-chart-for-june-2020/629281
FALSE,2020-06-05,Beatport,Rampa,JUNE 2020 Rampa,https://www.beatport.com/chart/june-2020/627754
FALSE,2020-06-02,Beatport,AFFKT,June 2020 AFFKT,https://www.beatport.com/chart/june-2020/627246
FALSE,2020-06-01,Traxsource,Dixon,DJ Sir Charles Dixon's October Fall Favorites - Traxsource,https://www.traxsource.com/title/1453754/dj-sir-charles-dixons-october-fall-favorites
FALSE,2020-05-29,Traxsource,&ME,2020,https://www.traxsource.com/title/1363820/2020
FALSE,2020-05-11,Beatport,Helmut Dubnitzky,Introvert Charts Helmut Dubnitzky,https://www.beatport.com/chart/introvert-charts/623244
FALSE,2020-05-11,Beatport,VONDA7,HONOR x Beatport Chart VONDA7,https://www.beatport.com/chart/honor-x-beatport-chart/623257
FALSE,2020-05-06,Beatport,Andhim,andhim May charts Andhim,https://www.beatport.com/chart/andhim-may-charts/622489
FALSE,2020-05-06,Beatport,Maga,LA MAGA Chart FRiGiD (CR),https://www.beatport.com/chart/la-maga-chart/622445
FALSE,2020-05-04,Beatport,Los Suruba,Los Suruba Alpha chart Los Suruba,https://www.beatport.com/chart/los-suruba-alpha-chart/622084
FALSE,2020-05-04,Beatport,Maga,La Maga May 2020 Chart Joe Fisher,https://www.beatport.com/chart/la-maga-may-2020-chart/622063
FALSE,2020-05-01,Traxsource,AFFKT,Affkt - May 2020 chart on Traxsource,https://www.traxsource.com/title/1352203/may-2020-chart
FALSE,2020-05-01,Traxsource,AFFKT,Affkt - Paripe chart on Traxsource,https://www.traxsource.com/title/1301283/paripe-chart
FALSE,2020-05-01,Beatport,Andhim,"andhim ""3 Letters"" charts Andhim",https://www.beatport.com/chart/andhim-3-letters-charts/625480
FALSE,2020-04-28,Beatport,AFFKT,Crudo & Sompo AFFKT,https://www.beatport.com/chart/crudo-sompo/620818
FALSE,2020-04-23,Beatport,Agoria,Agoria Live on ReConnect Beatport,https://www.beatport.com/chart/agoria-live-on-reconnect/619939
FALSE,2020-04-23,Beatport,Eats Everything,Eats Everything Live on ReConnect Beatport,https://www.beatport.com/chart/eats-everything-live-on-reconnect/619935
FALSE,2020-04-23,Beatport,Joris Voorn,Joris Voorn Live on ReConnect Beatport,https://www.beatport.com/chart/joris-voorn-live-on-reconnect/619989
FALSE,2020-04-23,Beatport,Maceo Plex,Maceo Plex Live on ReConnect Beatport,https://www.beatport.com/chart/maceo-plex-live-on-reconnect/619987
FALSE,2020-04-23,Beatport,Rodriguez Jr.,Rodriguez Jr. Live on ReConnect Beatport,https://www.beatport.com/chart/rodriguez-jr-live-on-reconnect/619991
FALSE,2020-04-16,Beatport,Bontan,DANCING Bontan,https://www.beatport.com/chart/dancing/618595
FALSE,2020-04-06,Beatport,Jimpster,Jimpster Chart for April 2020 Jimpster,https://www.beatport.com/chart/jimpster-chart-for-april-2020/616917
FALSE,2020-04-03,Beatport,Fideles,U N I T Y Fideles,https://www.beatport.com/chart/u-n-i-t-y/616367
FALSE,2020-04-03,Traxsource,Steve Bug,Steve Bug - Still Love My House Chart on Traxsource,https://www.traxsource.com/title/1322454/still-love-my-house-chart
FALSE,2020-04-01,Beatport,Andhim,"andhim ""Miles To Go"" charts Andhim",https://www.beatport.com/chart/andhim-miles-to-go-charts/618038
FALSE,2020-03-29,Beatport,Bontan,SHAKE IT Bontan,https://www.beatport.com/chart/shake-it/615408
FALSE,2020-03-27,Beatport,Truncate,ISOL8 Trax Pt. 1 Truncate,https://www.beatport.com/chart/isol8-trax-pt-1/615085
FALSE,2020-03-23,Beatport,Upercent,Adagia Chart Upercent,https://www.beatport.com/chart/adagia-chart/614366
FALSE,2020-03-19,Beatport,Jonas Rathsman,Spring Selections Jonas Rathsman,https://www.beatport.com/chart/spring-selections/613731
FALSE,2020-03-13,Beatport,Los Suruba,Los Suruba Uhuru chart Los Suruba,https://www.beatport.com/chart/los-suruba-uhuru-chart/613069
FALSE,2020-03-13,Beatport,Rampa,V Rampa,https://www.beatport.com/chart/v/613012
FALSE,2020-03-13,Traxsource,Tim Engelhardt,First Contact,https://www.traxsource.com/title/1307443/first-contact
FALSE,2020-03-04,Beatport,Jimpster,Jimpster Chart for March 2020 Jimpster,https://www.beatport.com/chart/jimpster-chart-for-march-2020/611629
FALSE,2020-03-02,Beatport,AFFKT,Paripe Tusk AFFKT,https://www.beatport.com/chart/paripe-tusk/611309
FALSE,2020-03-01,Beatport,Andhim,"andhim ""Opals"" charts Andhim",https://www.beatport.com/chart/andhim-opals-charts/611778
FALSE,2020-02-24,Beatport,Los Suruba,Los Suruba Monkey Mind chart Los Suruba,https://www.beatport.com/chart/los-suruba-monkey-mind-chart/610344
FALSE,2020-02-20,Beatport,Richy Ahmed,Richy Ahmed February Richy Ahmed,https://www.beatport.com/chart/richy-ahmed-february/609717
FALSE,2020-02-20,Traxsource,Atmos Blaq,Balafonque's Revenge Chart,https://www.traxsource.com/title/1291550/balafonques-revenge-chart
FALSE,2020-02-17,Beatport,Joris Voorn,Four Remixes Chart Joris Voorn,https://www.beatport.com/chart/four-remixes-chart/609259
FALSE,2020-02-17,Beatport,Truncate,Truncate Selects February 2020 Truncate,https://www.beatport.com/chart/truncate-selects-february-2020/609280
FALSE,2020-02-13,Beatport,Helmut Dubnitzky,Make Me Charts Helmut Dubnitzky,https://www.beatport.com/chart/make-me-charts/608824
FALSE,2020-02-13,Beatport,VONDA7,At the right pace VONDA7,https://www.beatport.com/chart/at-the-right-pace/608826
FALSE,2020-02-07,Beatport,Jimpster,Jimpster Chart for February 2020 Jimpster,https://www.beatport.com/chart/jimpster-chart-for-february-2020/607882
FALSE,2020-02-07,Beatport,Kolombo,KOLOMBO 'FEBrrrr Kolombo,https://www.beatport.com/chart/kolombo-febrrrr/607751
FALSE,2020-02-06,Beatport,Marcus Worgull,"Marcus Worgull ""Pintxos"" Chart Marcus Worgull",https://www.beatport.com/chart/marcus-worgull-pintxos-chart/607628
FALSE,2020-02-01,Traxsource,Dixon,Alan Dixon - Summer Lockdown Chart on Traxsource,https://www.traxsource.com/title/1424204/summer-lockdown-chart
FALSE,2020-02-01,Traxsource,Dixon,Alan Dixon - Thandaza Chart on Traxsource,https://www.traxsource.com/title/2230600/thandaza-chart
FALSE,2020-01-30,Beatport,Fideles,Feb 2020 / Brain Machine Fideles,https://www.beatport.com/chart/feb-2020-brain-machine/606543
FALSE,2020-01-29,Beatport,Eats Everything,Eats Everything's Intec Release Chart Eats Everything's Intec Release Chart Eats Everything,https://www.beatport.com/chart/eats-everythings-intec-release-chart/606382
FALSE,2020-01-20,Beatport,Four Tet,Four Tet's January 2020 Chart Four Tet,https://www.beatport.com/chart/four-tets-january-2020-chart/605138
FALSE,2020-01-15,Beatport,AFFKT,Hoydelight AFFKT,https://www.beatport.com/chart/hoydelight/604548
FALSE,2019-12-18,Beatport,Fideles,Fideles - New York NYE Fideles,https://www.beatport.com/chart/fideles-new-york-nye/601173
FALSE,2019-12-18,Beatport,Jimpster,Jimpster Chart for January 2020 Jimpster,https://www.beatport.com/chart/jimpster-chart-for-january-2020/601146
FALSE,2019-12-17,Beatport,AFFKT,Cold Sweat AFFKT,https://www.beatport.com/chart/cold-sweat/601074
FALSE,2019-12-17,Beatport,Kolombo,Kolombo Xmas Chart Kolombo,https://www.beatport.com/chart/kolombo-xmas-chart/601022
FALSE,2019-12-16,Beatport,VONDA7,Little Wonders | Remixes VONDA7,https://www.beatport.com/chart/little-wonders-remixes/600802
FALSE,2019-12-11,Beatport,Ninetoes,Ninetoes' VLP Remixes Charts Ninetoes,https://www.beatport.com/chart/ninetoes-vlp-remixes-charts/600233
FALSE,2019-12-06,Beatport,Joris Voorn,Dark Science Remix Chart Joris Voorn,https://www.beatport.com/chart/dark-science-remix-chart/599386
FALSE,2019-12-02,Beatport,Nina Kraviz,Nina Kraviz TRIP LOTM Chart Nina Kraviz,https://www.beatport.com/chart/nina-kraviz-trip-lotm-chart/598541
FALSE,2019-12-02,Beatport,Rampa,DC-10 Rampa,https://www.beatport.com/chart/dc10/598534
FALSE,2019-11-25,Beatport,Kolombo,Freezy chart Kolombo,https://www.beatport.com/chart/freezy-chart/597512
FALSE,2019-11-19,Beatport,Truncate,Level Up Chart Truncate,https://www.beatport.com/chart/level-up-chart/596689
FALSE,2019-11-18,Beatport,Helmut Dubnitzky,Shark Charts ;) Helmut Dubnitzky,https://www.beatport.com/chart/shark-charts-/596593
FALSE,2019-11-13,Beatport,Andhim,andhim November charts Andhim,https://www.beatport.com/chart/andhim-november-charts/595865
FALSE,2019-11-12,Beatport,Fideles,The Secret of Eos Chart Fideles,https://www.beatport.com/chart/the-secret-of-eos-chart/595679
FALSE,2019-11-04,Traxsource,Angelos,DJ ANGELO BEST OF NULU CHART,https://www.traxsource.com/title/1234325/dj-angelo-best-of-nulu-chart
FALSE,2019-11-02,Traxsource,Atmos Blaq,Kwa Mntungwa,https://www.traxsource.com/title/1234226/kwa-mntungwa
FALSE,2019-10-30,Beatport,Los Suruba,Los Suruba Signals chart Los Suruba,https://www.beatport.com/chart/los-suruba-signals-chart/593788
FALSE,2019-10-30,Traxsource,&ME,&ME Balaric 10,https://www.traxsource.com/title/1232307/and-me-balaric-10
FALSE,2019-10-28,Beatport,Agoria,Agoria Agoria,https://www.beatport.com/chart/agoria/593366
FALSE,2019-10-21,Traxsource,Angelos,DJ ANGELO TRAXSOURCE CHART OCTOBER 2019,https://www.traxsource.com/title/1226773/dj-angelo-traxsource-chart-october-2019
FALSE,2019-10-15,Beatport,Andhim,ANDHIM ADE CHARTS Andhim,https://www.beatport.com/chart/andhim-ade-charts/591623
FALSE,2019-10-14,Beatport,Jonas Rathsman,Autumn Selections Jonas Rathsman,https://www.beatport.com/chart/autumn-selections/591462
FALSE,2019-10-09,Beatport,VONDA7,VONDA7 IN THE MIX #BEATPORTLINK VONDA7 IN THE MIX #BEATPORTLINK VONDA7,https://www.beatport.com/chart/vonda7-in-the-mix-beatportlink/590868
FALSE,2019-10-08,Beatport,Truncate,ADE 2019 Truncate,https://www.beatport.com/chart/ade-2019/590641
FALSE,2019-10-01,Beatport,Ninetoes,Ninetoes' MADIZM Charts Ninetoes,https://www.beatport.com/chart/ninetoes-madizm-charts/589653
FALSE,2019-09-25,Beatport,AFFKT,BOON AFFKT,https://www.beatport.com/chart/boon/588751
FALSE,2019-09-21,Beatport,Helmut Dubnitzky,Helmut Dubnitzky - More Than Charts Helmut Dubnitzky - More Than Charts Helmut Dubnitzky,https://www.beatport.com/chart/helmut-dubnitzky-more-than-charts/588112
FALSE,2019-09-13,Traxsource,Angelos,"DJ ANGELO ""WAY OUT"" CHART SEPTEMBER 2019",https://www.traxsource.com/title/1207936/dj-angelo-way-out-chart-september-2019
FALSE,2019-09-12,Beatport,Los Suruba,Los Suruba Out of the dust chart Los Suruba,https://www.beatport.com/chart/los-suruba-out-of-the-dust-chart/586995
FALSE,2019-09-07,Beatport,Solomun,NINL Solomun,https://www.beatport.com/chart/ninl/586281
FALSE,2019-09-05,Beatport,Bontan,PUSH OUT Bontan,https://www.beatport.com/chart/push-out/585994
FALSE,2019-09-04,Beatport,Truncate,Mind Control Truncate,https://www.beatport.com/chart/mind-control/585791
FALSE,2019-09-02,Beatport,VONDA7,NO NONSENSE VONDA7,https://www.beatport.com/chart/no-nonsense/585462
FALSE,2019-09-02,Traxsource,Adam Port,Adam Port - Moments Chart on Traxsource,https://www.traxsource.com/title/1201643/adam-port-moments-chart
FALSE,2019-09-02,Traxsource,&ME,1995,https://www.traxsource.com/title/1201670/1995
FALSE,2019-08-20,Beatport,Rampa,NO WAR Rampa,https://www.beatport.com/chart/no-war/583910
FALSE,2019-08-20,Beatport,Upercent,Regal No Material Chart Upercent,https://www.beatport.com/chart/regal-no-material-chart/583817
FALSE,2019-08-16,Beatport,Joris Voorn,'Dark' Chart Joris Voorn,https://www.beatport.com/chart/dark-chart/583288
FALSE,2019-08-16,Traxsource,Tim Engelhardt,"""Keep On"" Chart",https://www.traxsource.com/title/1194744/keep-on-chart
FALSE,2019-08-09,Beatport,Atjazz,Atjazz August 2019 Atjazz,https://www.beatport.com/chart/atjazz-august-2019/582298
FALSE,2019-08-08,Beatport,Kolombo,Kolombo august chart Kolombo,https://www.beatport.com/chart/kolombo-august-chart/582286
FALSE,2019-08-06,Beatport,Los Suruba,Los Suruba Balear chart Los Suruba,https://www.beatport.com/chart/los-suruba-balear-chart/581830
FALSE,2019-08-01,Traxsource,Angelos,DJ ANGELO TRAXSOURCE CHART AUGUST 2019,https://www.traxsource.com/title/1187317/dj-angelo-traxsource-chart-august-2019
FALSE,2019-08-01,Beatport,Andhim,"andhim ""Buenos"" August charts Andhim",https://www.beatport.com/chart/andhim-buenos-august-charts/581889
FALSE,2019-07-29,Beatport,Jimpster,Jimpster Chart for August 2019 Jimpster,https://www.beatport.com/chart/jimpster-chart-for-august-2019/580576
FALSE,2019-07-29,Beatport,Truncate,Artist of the Week Chart Truncate,https://www.beatport.com/chart/artist-of-the-week-chart-/580628
FALSE,2019-07-28,Beatport,VONDA7,TEAMWORX chart VONDA7,https://www.beatport.com/chart/teamworx-chart/580447
FALSE,2019-07-25,Beatport,Marcus Worgull,Marcus Worgull Beatport Summer Chart Marcus Worgull Beatport Summer Chart Marcus Worgull,https://www.beatport.com/chart/marcus-worgull-beatport-summer-chart/580133
FALSE,2019-07-24,Beatport,Ninetoes,Ninetoes' Pluma Charts Ninetoes,https://www.beatport.com/chart/ninetoes-pluma-charts/579925
FALSE,2019-07-23,Beatport,Nina Kraviz,Nina Kraviz July Chart Nina Kraviz,https://www.beatport.com/chart/nina-kraviz-july-chart-/579786
FALSE,2019-07-16,Beatport,Kolombo,K sunny chart Kolombo,https://www.beatport.com/chart/k-sunny-chart/578734
FALSE,2019-07-10,Beatport,Fideles,Fideles Mid Summer Chart 2019 Fideles,https://www.beatport.com/chart/fideles-mid-summer-chart-2019/577950
FALSE,2019-07-08,Beatport,AFFKT,Between the Rocotroco AFFKT,https://www.beatport.com/chart/between-the-rocotroco/577238
FALSE,2019-07-08,Beatport,Upercent,Flor De Lotus Chart Upercent,https://www.beatport.com/chart/flor-de-lotus-chart/577605
FALSE,2019-06-26,Beatport,Jonas Rathsman,Summer Selections Jonas Rathsman,https://www.beatport.com/chart/summer-selections/575872
FALSE,2019-06-24,Beatport,VONDA7,Simple + Effective Chart VONDA7,https://www.beatport.com/chart/simple-effective-chart/575488
FALSE,2019-06-21,Beatport,Agoria,Agoria: DRIFT Playlist Agoria,https://www.beatport.com/chart/agoria-drift-playlist-/575212
FALSE,2019-06-20,Beatport,Eats Everything,Eats Everything's Comatose Top 10 Eats Everything,https://www.beatport.com/chart/eats-everythings-comatose-top-10/575045
FALSE,2019-06-18,Beatport,Truncate,Summer Kick Off Truncate,https://www.beatport.com/chart/summer-kick-off/574810
FALSE,2019-06-13,Beatport,Rodriguez Jr.,RODRIGUEZ JR.'S SYSTEMATIC 15 Rodriguez Jr.,https://www.beatport.com/chart/rodriguez-jrs-systematic-15/574109
FALSE,2019-06-12,Beatport,Fideles,Systematic Recordings: Top 10 Tracks Systematic Recordings: Top 10 Tracks Fideles,https://www.beatport.com/chart/systematic-recordings-top-10-tracks/573946
FALSE,2019-06-06,Beatport,Fideles,June Chart Fideles,https://www.beatport.com/chart/june-chart/573047
FALSE,2019-06-04,Beatport,AFFKT,8 years of Sincopat AFFKT,https://www.beatport.com/chart/8-years-of-sincopat/572708
FALSE,2019-06-04,Beatport,Bontan,10 Days Bontan,https://www.beatport.com/chart/10-days/572649
FALSE,2019-06-04,Beatport,Helmut Dubnitzky,Helmut Dubnitzky - Acid Bird Charts Helmut Dubnitzky - Acid Bird Charts Helmut Dubnitzky,https://www.beatport.com/chart/helmut-dubnitzky-acid-bird-charts/572750
FALSE,2019-06-03,Beatport,Maceo Plex,Artist: Maceo Plex - When The Lights Are Out Artist: Maceo Plex - When The Lights Are Out Maceo Plex,https://www.beatport.com/chart/artist-maceo-plex-when-the-lights-are-out/572517
FALSE,2019-06-03,Beatport,Rampa,They Will Rampa,https://www.beatport.com/chart/they-will/572468
FALSE,2019-06-01,Beatport,Andhim,"andhim ""Duno"" charts Andhim",https://www.beatport.com/chart/andhim-duno-charts/576919
FALSE,2019-05-31,Beatport,Murat Uncuoglu,MURAT UNCUOGLU ' S TREES OF LIGHT CHART MURAT UNCUOGLU ' S TREES OF LIGHT CHART Murat Uncuoglu,https://www.beatport.com/chart/murat-uncuoglu-s-trees-of-light-chart/572152
FALSE,2019-05-20,Beatport,Truncate,Trax 4 The Club Truncate,https://www.beatport.com/chart/trax-4-the-club/570275
FALSE,2019-05-16,Beatport,Andhim,andhim May charts Andhim,https://www.beatport.com/chart/andhim-may-charts/569606
FALSE,2019-05-15,Beatport,Eats Everything,Eats Everything 'May chart' Eats Everything,https://www.beatport.com/chart/eats-everything-may-chart/569422
FALSE,2019-05-10,Beatport,Joris Voorn,Ryo Chart Joris Voorn,https://www.beatport.com/chart/ryo-chart/568529
FALSE,2019-05-03,Beatport,Pig&Dan,16 years of Pig&Dan Pig&Dan,https://www.beatport.com/chart/16-years-of-pigdan/567242
FALSE,2019-05-02,Beatport,VONDA7,VONDA7 in the mix #beatportlink VONDA7,https://www.beatport.com/chart/vonda7-in-the-mix-beatportlink/567020
FALSE,2019-05-01,Beatport,Tibi Dabo,Tibi Dabo Her Moon Chart Tibi Dabo,https://www.beatport.com/chart/tibi-dabo-her-moon-chart/566782
FALSE,2019-05-01,Traxsource,Angelos,"DJ ANGELO ""THE RIDE"" CHART MAY 2019",https://www.traxsource.com/title/1141622/dj-angelo-the-ride-chart-may-2019
FALSE,2019-04-26,Beatport,Ninetoes,Ninetoes' MIRACLE Charts Ninetoes,https://www.beatport.com/chart/ninetoes-miracle-charts/565999
FALSE,2019-04-24,Beatport,Fideles,Spring Chart Fideles,https://www.beatport.com/chart/spring-chart/565442
FALSE,2019-04-24,Beatport,Truncate,On Rotation Truncate,https://www.beatport.com/chart/on-rotation/565604
FALSE,2019-04-22,Beatport,Kolombo,kolombo easter chart Kolombo,https://www.beatport.com/chart/kolombo-easter-chart/565206
FALSE,2019-04-16,Beatport,Los Suruba,Los Suruba Phala chart Los Suruba,https://www.beatport.com/chart/los-suruba-phala-chart/564214
FALSE,2019-04-06,Beatport,Jonas Rathsman,CROSSTOWN REBELS MEMORY LANE CHART CROSSTOWN REBELS MEMORY LANE CHART Jonas Rathsman,https://www.beatport.com/chart/crosstown-rebels-memory-lane-chart/562516
FALSE,2019-04-01,Traxsource,Angelos,DJ ANGELO TRAXSOURCE CHART APRIL 2019,https://www.traxsource.com/title/1125717/dj-angelo-traxsource-chart-april-2019
FALSE,2019-03-28,Beatport,Maceo Plex,Maceo Plex Miami Mutant Beatport Top 10 Maceo Plex Miami Mutant Beatport Top 10 Maceo Plex,https://www.beatport.com/chart/maceo-plex-miami-mutant-beatport-top-10/560205
FALSE,2019-03-26,Beatport,Helmut Dubnitzky,Spring Charts Helmut Dubnitzky,https://www.beatport.com/chart/spring-charts/559775
FALSE,2019-03-20,Beatport,Los Suruba,Los Suruba Viracochas chart Los Suruba,https://www.beatport.com/chart/los-suruba-viracochas-chart/558451
FALSE,2019-03-19,Beatport,Kolombo,March chart Kolombo,https://www.beatport.com/chart/march-chart/558192
FALSE,2019-03-18,Beatport,Joris Voorn,Walls Remix Chart Joris Voorn,https://www.beatport.com/chart/walls-remix-chart/557977
FALSE,2019-03-18,Beatport,Upercent,Ocell Chart Upercent,https://www.beatport.com/chart/ocell-chart/558003
FALSE,2019-03-16,Beatport,VONDA7,Fox out of the box chart VONDA7,https://www.beatport.com/chart/fox-out-of-the-box-chart/557676
FALSE,2019-03-15,Beatport,Emanuel Satie,Emanuel Satie's Time For Love Charts Emanuel Satie's Time For Love Charts Emanuel Satie,https://www.beatport.com/chart/emanuel-saties-time-for-love-charts/557535
FALSE,2019-03-13,Beatport,Truncate,Observe // Miami Truncate,https://www.beatport.com/chart/observe-miami/557217
FALSE,2019-03-11,Traxsource,Enoo Napa,Enoo Napa - March Madness on Traxsource,https://www.traxsource.com/title/1116003/march-madness
FALSE,2019-03-07,Beatport,Jimpster,Jimpster Chart for March 2019 Jimpster,https://www.beatport.com/chart/jimpster-chart-for-march-2019/556216
FALSE,2019-03-07,Beatport,Jonas Rathsman,Spring Selections Jonas Rathsman,https://www.beatport.com/chart/spring-selections/556287
FALSE,2019-03-01,Beatport,Andhim,"andhim ""Miami"" charts Andhim",https://www.beatport.com/chart/andhim-miami-charts/557302
FALSE,2019-02-27,Traxsource,Adam Port,Adam Port 'Hand In Hand' Charts,https://www.traxsource.com/title/1110018/adam-port-hand-in-hand-charts
FALSE,2019-02-26,Beatport,Kolombo,Carnival Chartz Kolombo,https://www.beatport.com/chart/carnival-chartz/554522
FALSE,2019-02-26,Beatport,Rampa,Hand In Hand Rampa,https://www.beatport.com/chart/hand-in-hand/554532
FALSE,2019-02-17,Beatport,Los Suruba,Los Suruba Nazca chart Los Suruba,https://www.beatport.com/chart/los-suruba-nazca-chart/552722
FALSE,2019-02-11,Beatport,VONDA7,Last Night On Earth Finest VONDA7,https://www.beatport.com/chart/last-night-on-earth-finest/551730
FALSE,2019-02-06,Beatport,Emanuel Satie,Emanuel Satie's Crate Diggers Charts Emanuel Satie's Crate Diggers Charts Emanuel Satie,https://www.beatport.com/chart/emanuel-saties-crate-diggers-charts/550719
FALSE,2019-02-05,Beatport,Jimpster,Jimpster Chart for February Jimpster,https://www.beatport.com/chart/jimpster-chart-for-february/550405
FALSE,2019-02-05,Beatport,VONDA7,Special Crate Digger Chart VONDA7,https://www.beatport.com/chart/special-crate-digger-chart/550412
FALSE,2019-02-04,Beatport,AFFKT,Artist: AFFKT - Manifesto AFFKT,https://www.beatport.com/chart/artist-affkt-manifesto/550303
FALSE,2019-02-04,Beatport,Andhim,andhim February charts Andhim,https://www.beatport.com/chart/andhim-february-charts/550284
FALSE,2019-01-29,Beatport,Murat Uncuoglu,MURAT UNCUOGLU`S SECRET WEAPONS MURAT UNCUOGLU`S SECRET WEAPONS Murat Uncuoglu,https://www.beatport.com/chart/murat-uncuoglus-secret-weapons/549318
FALSE,2019-01-23,Beatport,Fideles,'Endless Sacrifice' Chart Fideles,https://www.beatport.com/chart/endless-sacrifice-chart/548367
FALSE,2019-01-21,Beatport,VONDA7,Remixes chart VONDA7,https://www.beatport.com/chart/remixes-chart/547988
FALSE,2019-01-12,Beatport,Los Suruba,Los Suruba Sacred chart Los Suruba,https://www.beatport.com/chart/los-suruba-sacred-chart/546582
FALSE,2019-01-06,Beatport,Ninetoes,Ninetoes' Favorite Tracks in 2018 Ninetoes,https://www.beatport.com/chart/ninetoes-favorite-tracks-in-2018/545693
FALSE,2018-12-29,Traxsource,&lez,&lez - What a Chart on Traxsource,https://www.traxsource.com/title/1081516/what-a-chart
FALSE,2018-12-24,Beatport,Radio Slave,Radio Slave BEST OF REKIDS 2018 Radio Slave,https://www.beatport.com/chart/radio-slave-best-of-rekids-2018/544055
FALSE,2018-12-19,Beatport,Truncate,My Most Played Tracks of 2018 Truncate,https://www.beatport.com/chart/my-most-played-tracks-of-2018/543333
FALSE,2018-12-17,Beatport,AFFKT,Black Spot AFFKT,https://www.beatport.com/chart/black-spot/542947
FALSE,2018-12-14,Beatport,Baime,baime - the winter edition Baime,https://www.beatport.com/chart/baime-the-winter-edition/542485
FALSE,2018-12-14,Beatport,Helmut Dubnitzky,December Charts Helmut Dubnitzky,https://www.beatport.com/chart/december-charts/542484
FALSE,2018-12-07,Beatport,Andhim,andhim December charts Andhim,https://www.beatport.com/chart/andhim-december-charts/541302
FALSE,2018-12-07,Beatport,Joris Voorn,Genova Joris Voorn,https://www.beatport.com/chart/genova/541295
FALSE,2018-12-07,Traxsource,Jonathan Kaspar,Jonathan Kaspar December 2018 Chart on Traxsource,https://www.traxsource.com/title/1074132/jonathan-kaspar-december-2018-chart
FALSE,2018-12-05,Beatport,Jimpster,Jimpster chart for December 2018 Jimpster,https://www.beatport.com/chart/jimpster-chart-for-december-2018/540893
FALSE,2018-12-01,Traxsource,&ME,&ME - &ME December Chart on Traxsource,https://www.traxsource.com/title/1071243/and-me-december-chart
FALSE,2018-11-29,Beatport,Kolombo,Kolombo December 2018 Chart Kolombo,https://www.beatport.com/chart/kolombo-december-2018-chart/539856
FALSE,2018-11-29,Beatport,Los Suruba,Los Suruba Formentera chart Los Suruba,https://www.beatport.com/chart/los-suruba-formentera-chart/539922
FALSE,2018-11-28,Beatport,Murat Uncuoglu,MURAT UNCUOGLU NOVEMBER TOP 10 MURAT UNCUOGLU NOVEMBER TOP 10 Murat Uncuoglu,https://www.beatport.com/chart/murat-uncuoglu-november-top-10/539793
FALSE,2018-11-22,Beatport,Jonas Rathsman,Winter Selections Jonas Rathsman,https://www.beatport.com/chart/winter-selections/538763
FALSE,2018-11-21,Beatport,VONDA7,Hype Artist Spotlight Chart VONDA7,https://www.beatport.com/chart/hype-artist-spotlight-chart/538554
FALSE,2018-11-20,Beatport,Truncate,Observe 01 Truncate,https://www.beatport.com/chart/observe-01/538498
FALSE,2018-11-20,Traxsource,&lez,The Moment,https://www.traxsource.com/title/1065600/the-moment
FALSE,2018-11-17,Beatport,Rampa,Far Away Rampa,https://www.beatport.com/chart/far-away/537920
FALSE,2018-11-13,Beatport,Andre Lodemann,November 2018 Andre Lodemann,https://www.beatport.com/chart/november-2018/537290
FALSE,2018-11-13,Traxsource,Andre Lodemann,Andre Lodemann November 2018,https://www.traxsource.com/title/1061292/andre-lodemann-november-2018
FALSE,2018-11-05,Beatport,VONDA7,Stay Organic Chart VONDA7,https://www.beatport.com/chart/stay-organic-chart/535986
FALSE,2018-11-05,Traxsource,Angelos,DJ ANGELO TRAXSOURCE CHART NOVEMBER 2018,https://www.traxsource.com/title/1057228/dj-angelo-traxsource-chart-november-2018
FALSE,2018-11-01,Traxsource,Andre Lodemann,Andre Lodemann - Andre Lodemann 'Birth' Chart on Traxsource,https://www.traxsource.com/title/828022/andre-lodemann-birth-chartTracklisting:00:03
FALSE,2018-10-31,Beatport,Bontan,Put Up Bontan,https://www.beatport.com/chart/put-up/535262
FALSE,2018-10-31,Beatport,Los Suruba,Los Suruba Rock Black chart Los Suruba,https://www.beatport.com/chart/los-suruba-rock-black-chart/535244
FALSE,2018-10-24,Traxsource,Adam Port,Adam Port's 'Planet 9' Chart on Traxsource,https://www.traxsource.com/title/1050716/adam-ports-planet-9-chart
FALSE,2018-10-23,Beatport,Ninetoes,"Ninetoes' ""Injera / No More"" Charts Ninetoes",https://www.beatport.com/chart/ninetoes-injera-no-more-charts/534135
FALSE,2018-10-16,Beatport,Radio Slave,RADIO SLAVE “REKIDS ADE SUGAR FACTORY” CHART RADIO SLAVE “REKIDS ADE SUGAR FACTORY” CHART Radio Slave,https://www.beatport.com/chart/radio-slave-rekids-ade-sugar-factory-chart/532954
FALSE,2018-10-11,Beatport,Andhim,andhim 'ADE' charts Andhim,https://www.beatport.com/chart/andhim-ade-charts/532037
FALSE,2018-10-08,Beatport,Betoko,Betoko October Goodies! Betoko,https://www.beatport.com/chart/betoko-october-goodies/531606
FALSE,2018-10-05,Beatport,Andhim,andhim October charts Andhim,https://www.beatport.com/chart/andhim-october-charts/531099
FALSE,2018-10-04,Traxsource,&ME,&ME - &ME In Your Eyes Chart on Traxsource,https://www.traxsource.com/title/1040950/and-me-in-your-eyes-chart
FALSE,2018-10-01,Traxsource,Steve Bug,Solid Maybe - Steve Bug - Traxsource,https://www.traxsource.com/title/1048958/solid-maybe
FALSE,2018-10-01,Traxsource,Luke Garcia,Luke Garcia - Luke Garcia Frixio Chart on Traxsource,https://www.traxsource.com/title/1054505/luke-garcia-frixio-chart
FALSE,2018-09-27,Beatport,Jonas Rathsman,Glades Of Glory Selections Jonas Rathsman,https://www.beatport.com/chart/glades-of-glory-selections/529696
FALSE,2018-09-27,Beatport,Truncate,ADE 2018 Truncate,https://www.beatport.com/chart/ade-2018/529762
FALSE,2018-09-25,Beatport,Radio Slave,Radio Slave “After Dark” Chart Radio Slave,https://www.beatport.com/chart/radio-slave-after-dark-chart/529346
FALSE,2018-09-24,Beatport,Rampa,Sunday Rampa,https://www.beatport.com/chart/sunday/529168
FALSE,2018-09-21,Beatport,Jimpster,Jimpster Chart for September 2018 Jimpster,https://www.beatport.com/chart/jimpster-chart-for-september-2018/528764
FALSE,2018-09-21,Traxsource,Enoo Napa,Enoo Napa 'Spring Break' Chart on Traxsource,https://www.traxsource.com/title/1035447/enoo-napa-spring-break-chart
FALSE,2018-09-18,Beatport,Andre Lodemann,The Deeper You Go Andre Lodemann,https://www.beatport.com/chart/the-deeper-you-go/528309
FALSE,2018-09-18,Traxsource,Andre Lodemann,Andre Lodemann 'The Deeper You Go' CHart,https://www.traxsource.com/title/1032973/andre-lodemann-the-deeper-you-go-chart
FALSE,2018-09-11,Beatport,VONDA7,Late summer tunes VONDA7,https://www.beatport.com/chart/late-summer-tunes/527156
FALSE,2018-09-06,Traxsource,Marcus Worgull,Marcus Worgull's 'Love Song' Chart - Traxsource,https://www.traxsource.com/title/1028861/marcus-worgulls-love-song-chart
FALSE,2018-09-04,Beatport,Andhim,andhim September charts Andhim,https://www.beatport.com/chart/andhim-september-charts/526057
FALSE,2018-09-04,Beatport,Terranova,TERRANOVA TOTAL TOP 18 Terranova,https://www.beatport.com/chart/terranova-total-top-18/525993
FALSE,2018-09-02,Beatport,Eats Everything,Eats Everything 'I'm Ready' chart Eats Everything,https://www.beatport.com/chart/eats-everything-im-ready-chart/525657
FALSE,2018-08-30,Beatport,Hyenah,Hyenah bites Hyenah,https://www.beatport.com/chart/hyenah-bites/525305
FALSE,2018-08-26,Beatport,Kolombo,September Rocks! Kolombo,https://www.beatport.com/chart/september-rocks/524612
FALSE,2018-08-24,Beatport,Murat Uncuoglu,Murat Uncuoglu August 2018 Murat Uncuoglu,https://www.beatport.com/chart/murat-uncuoglu-august-2018/524431
FALSE,2018-08-24,Beatport,Rampa,i do think of you Rampa,https://www.beatport.com/chart/i-do-think-of-you/524398
FALSE,2018-08-17,Beatport,Betoko,Betoko August Chart Betoko,https://www.beatport.com/chart/betoko-august-chart/523349
FALSE,2018-08-16,Beatport,Helmut Dubnitzky,Helmut Dubnitzky - Summer Charts 2018 Helmut Dubnitzky - Summer Charts 2018 Helmut Dubnitzky,https://www.beatport.com/chart/helmut-dubnitzky-summer-charts-2018/523245
FALSE,2018-08-14,Beatport,Jonas Rathsman,Nazca Selections Jonas Rathsman,https://www.beatport.com/chart/nazca-selections/522807
FALSE,2018-08-14,Beatport,Los Suruba,Los Suruba Nazca Chart Los Suruba,https://www.beatport.com/chart/los-suruba-nazca-chart/522841
FALSE,2018-08-06,Beatport,Re.you,Summer by Re.You Re.you,https://www.beatport.com/chart/summer-by-reyou/521537
FALSE,2018-08-02,Traxsource,Adam Port,Adam Port - Do You Still Think Of Me? Charts on Traxsource,https://www.traxsource.com/title/1013324/do-you-still-think-of-me-charts
FALSE,2018-07-31,Beatport,Ninetoes,"Ninetoes' ""Mandala"" Charts Ninetoes",https://www.beatport.com/chart/ninetoes-mandala-charts/520592
FALSE,2018-07-31,Traxsource,&ME,&ME - &ME 'A Day In Summer' Chart on Traxsource,https://www.traxsource.com/title/1012669/and-me-a-day-in-summer-chart
FALSE,2018-07-28,Beatport,VONDA7,That's what counts VONDA7,https://www.beatport.com/chart/thats-what-counts/520202
FALSE,2018-07-19,Beatport,Baardman,Baardman - Buried EP Release Chart Baardman,https://www.beatport.com/chart/baardman-buried-ep-release-chart/518853
FALSE,2018-07-19,Traxsource,DJ Koze,DJ Koze - Pick Up on Traxsource,https://www.traxsource.com/title/1009609/pick-up
FALSE,2018-07-18,Beatport,Atjazz,Atjazz - Summer 2018 Atjazz,https://www.beatport.com/chart/atjazz-summer-2018/518576
FALSE,2018-07-17,Beatport,Jimpster,Jimpster Summer Sounds - July 2018 Jimpster,https://www.beatport.com/chart/jimpster-summer-sounds-july-2018/518397
FALSE,2018-07-17,Beatport,Truncate,Chase Sequences Truncate,https://www.beatport.com/chart/chase-sequences/518433
FALSE,2018-07-10,Beatport,Maceo Plex,Maceo - Noir Futurism Chart Maceo Plex,https://www.beatport.com/chart/maceo-noir-futurism-chart/517348
FALSE,2018-07-05,Beatport,Fideles,Lotusiseverywhere Chart Fideles,https://www.beatport.com/chart/lotusiseverywhere-chart/516711
FALSE,2018-07-04,Beatport,Ninetoes,"Ninetoes' ""5 Years of Finder"" Charts Ninetoes' ""5 Years of Finder"" Charts Ninetoes",https://www.beatport.com/chart/ninetoes-5-years-of-finder-charts/516530
FALSE,2018-07-03,Beatport,Jonas Rathsman,Fly Away Jonas Rathsman,https://www.beatport.com/chart/fly-away/516190
FALSE,2018-07-02,Beatport,Andhim,andhim July charts Andhim,https://www.beatport.com/chart/andhim-july-charts/516008
FALSE,2018-06-29,Beatport,DJ Tennis,dj tennis Subclub 29/7/18 Late Nite Tuff Guy,https://www.beatport.com/chart/dj-tennis-subclub-29718/515573
FALSE,2018-06-28,Beatport,Los Suruba,Los Suruba Peccio chart Los Suruba,https://www.beatport.com/chart/los-suruba-peccio-chart/515467
FALSE,2018-06-25,Beatport,Kolombo,kolombo - Pop That Chart 2018 Kolombo,https://www.beatport.com/chart/kolombo-pop-that-chart-2018/514885
FALSE,2018-06-25,Traxsource,Tiefschwarz,con gas 6/18,https://www.traxsource.com/title/996733/con-gas-6-18
FALSE,2018-06-21,Beatport,Joris Voorn,Summer Chart Joris Voorn,https://www.beatport.com/chart/summer-chart/514412
FALSE,2018-06-18,Beatport,Helmut Dubnitzky,Helmut Dubnitzky - Low Beats Charts Helmut Dubnitzky - Low Beats Charts Helmut Dubnitzky,https://www.beatport.com/chart/helmut-dubnitzky-low-beats-charts/513951
FALSE,2018-06-13,Beatport,Richy Ahmed,Richy Ahmed's June Chart Richy Ahmed,https://www.beatport.com/chart/richy-ahmeds-june-chart/513250
FALSE,2018-06-12,Traxsource,Booka Shade,June 2018 Chart,https://www.traxsource.com/title/991220/june-2018-chart
FALSE,2018-06-10,Beatport,AFFKT,Jan Mante AFFKT,https://www.beatport.com/chart/jan-mante/512714
FALSE,2018-06-08,Beatport,Upercent,June '18 Vuit Chart Upercent,https://www.beatport.com/chart/june-18-vuit-chart/512412
FALSE,2018-06-07,Beatport,Andhim,andhim June charts Andhim,https://www.beatport.com/chart/andhim-june-charts/512199
FALSE,2018-06-06,Beatport,Jonas Rathsman,Summer Selections Jonas Rathsman,https://www.beatport.com/chart/summer-selections/512038
FALSE,2018-06-04,Beatport,Los Suruba,Los Suruba El Abuelo chart Los Suruba,https://www.beatport.com/chart/los-suruba-el-abuelo-chart/511641
FALSE,2018-06-03,Beatport,Andre Lodemann,June 2018 Andre Lodemann,https://www.beatport.com/chart/june-2018/511518
FALSE,2018-06-01,Traxsource,Andre Lodemann,Andre Lodemann June 2018 on Traxsource,https://www.traxsource.com/title/986767/andre-lodemann-june-2018
FALSE,2018-06-01,Traxsource,Booka Shade,Booka Shade - 'Loneliest Boy' Chart on Traxsource,https://www.traxsource.com/title/834901/loneliest-boy-chart
FALSE,2018-06-01,Traxsource,Angelos,"DJ ANGELO ""BLACK SHEEP"" CHART JUNE 2018",https://www.traxsource.com/title/985449/dj-angelo-black-sheep-chart-june-2018
FALSE,2018-05-31,Beatport,Rampa,Remix Gewitter Rampa,https://www.beatport.com/chart/remix-gewitter/510999
FALSE,2018-05-21,Beatport,Agoria,Agoria Essentials Chart Agoria,https://www.beatport.com/chart/agoria-essentials-chart/509354
FALSE,2018-05-21,Beatport,Kolombo,kolombo chart Kolombo,https://www.beatport.com/chart/kolombo-chart/509315
FALSE,2018-05-19,Traxsource,DJ Pierre,Dj Pierre Top 10 May 2018,https://www.traxsource.com/title/977771/dj-pierre-top-10-may-2018
FALSE,2018-05-11,Traxsource,David Mayer,David Mayer's Sondela Chart on Traxsource,https://www.traxsource.com/title/974562/david-mayers-sondela-chart
FALSE,2018-05-10,Beatport,Andhim,andhim May charts Andhim,https://www.beatport.com/chart/andhim-may-charts/507607
FALSE,2018-05-10,Beatport,Andre Lodemann,May 2018 Andre Lodemann,https://www.beatport.com/chart/may-2018/507672
FALSE,2018-05-09,Beatport,Tiefschwarz,tiefschwarz may ´18 Tiefschwarz,https://www.beatport.com/chart/tiefschwarz-may-18/507458
FALSE,2018-05-08,Traxsource,Andre Lodemann,Andre Lodemann May 2018,https://www.traxsource.com/title/973024/andre-lodemann-may-2018
FALSE,2018-05-04,Beatport,Jimpster,Jimpster chart for May 2018 Jimpster,https://www.beatport.com/chart/jimpster-chart-for-may-2018/506649
FALSE,2018-05-02,Beatport,Los Suruba,Los Suruba May Jams Los Suruba,https://www.beatport.com/chart/los-suruba-may-jams/506357
FALSE,2018-05-01,Traxsource,Clavis,Clavis - Wirefire Chart on Traxsource,https://www.traxsource.com/title/1340448/wirefire-chart
FALSE,2018-05-01,Traxsource,Clavis,Clavis - Clavis Chart For May 2018 on Traxsource,https://www.traxsource.com/title/972696/clavis-chart-for-may-2018
FALSE,2018-05-01,Traxsource,Stereo MC's,Stereo MC's - Stereo MC's May 10 on Traxsource,https://www.traxsource.com/title/974000/stereo-mcs-may-10
FALSE,2018-05-01,Traxsource,Angelos,"DJ ANGELO ""CUBA LIBRE"" CHART MAY 2018",https://www.traxsource.com/title/969749/dj-angelo-cuba-libre-chart-may-2018
FALSE,2018-04-27,Beatport,Rampa,YAS Rampa,https://www.beatport.com/chart/yas/505523
FALSE,2018-04-26,Beatport,Hyenah,Hyenah say: good music Hyenah,https://www.beatport.com/chart/hyenah-say-good-music/505395
FALSE,2018-04-16,Beatport,Andhim,andhim April charts Andhim,https://www.beatport.com/chart/andhim-april-charts/503871
FALSE,2018-04-12,Beatport,Fideles,April Chart Fideles,https://www.beatport.com/chart/april-chart/503243
FALSE,2018-04-06,Beatport,Jimpster,Jimpster Chart for April 2018 Jimpster,https://www.beatport.com/chart/jimpster-chart-for-april-2018/502162
FALSE,2018-04-04,Beatport,Joris Voorn,Spring Music Joris Voorn,https://www.beatport.com/chart/spring-music/501767
FALSE,2018-04-03,Beatport,AFFKT,Fosc AFFKT,https://www.beatport.com/chart/fosc/501703
FALSE,2018-04-01,Traxsource,Andhim,andhim April chart on Traxsource,https://www.traxsource.com/title/954012/andhim-april-chart
FALSE,2018-04-01,Traxsource,Adam Port,Adam Port - Adam Port Calypso Charts on Traxsource,https://www.traxsource.com/title/962920/adam-port-calypso-charts
FALSE,2018-04-01,Traxsource,Florian Kruse,Florian Kruse - Florian Kruse's 'Time To Breathe' Chart on Traxsource,https://www.traxsource.com/title/964628/florian-kruses-time-to-breathe-chart
FALSE,2018-04-01,Traxsource,&ME,&ME - &ME 'SPRING IS SAFE' CHART on Traxsource,https://www.traxsource.com/title/959370/and-me-spring-is-safe-chart
FALSE,2018-03-29,Beatport,VONDA7,Together is always better VONDA7,https://www.beatport.com/chart/together-is-always-better/500657
FALSE,2018-03-28,Beatport,Stimming,Stimming's Past and Future Beatport Playlist Stimming's Past and Future Beatport Playlist Stimming,https://www.beatport.com/chart/stimmings-past-and-future-beatport-playlist/500434
FALSE,2018-03-23,Beatport,Ninetoes,"Ninetoes' ""Stand Up"" Charts Ninetoes",https://www.beatport.com/chart/ninetoes-stand-up-charts/499674
FALSE,2018-03-20,Beatport,DJ Tennis,Dj Tennis March-18 Chart DJ Tennis,https://www.beatport.com/chart/dj-tennis-march18-chart/498998
FALSE,2018-03-20,Beatport,Jonas Rathsman,iKalimba Selections Jonas Rathsman,https://www.beatport.com/chart/ikalimba-selections/499046
FALSE,2018-03-15,Beatport,Butch,BUTCH - Countach Butch,https://www.beatport.com/chart/butch-countach/498137
FALSE,2018-03-12,Beatport,Rampa,YAS Rampa,https://www.beatport.com/chart/yas/497461
FALSE,2018-03-10,Beatport,Jimpster,Jimpster Chart For March 2018 Jimpster,https://www.beatport.com/chart/jimpster-chart-for-march-2018/497299
FALSE,2018-03-09,Beatport,Truncate,Jack Trax Truncate,https://www.beatport.com/chart/jack-trax/497160
FALSE,2018-03-09,Beatport,Truncate,Feel This Way Truncate,https://www.beatport.com/chart/feel-this-way/497161
FALSE,2018-03-05,Beatport,Andhim,andhim March charts Andhim,https://www.beatport.com/chart/andhim-march-charts/496181
FALSE,2018-03-05,Beatport,VONDA7,The Future is Female VONDA7,https://www.beatport.com/chart/the-future-is-female/496198
FALSE,2018-03-02,Beatport,Kolombo,Kolombo March* Kolombo,https://www.beatport.com/chart/kolombo-march/495687
FALSE,2018-03-02,Traxsource,Tim Engelhardt,NGC 6240 Chart,https://www.traxsource.com/title/940422/ngc-6240-chart
FALSE,2018-03-01,Beatport,Upercent,Upercent March Chart Upercent,https://www.beatport.com/chart/upercent-march-chart/495528
FALSE,2018-02-27,Beatport,Ninetoes,"Ninetoes' ""Big Boy"" Charts Ninetoes",https://www.beatport.com/chart/ninetoes-big-boy-charts/494932
FALSE,2018-02-26,Beatport,Jimpster,Jimpster chart for February 2018 Jimpster,https://www.beatport.com/chart/jimpster-chart-for-february-2018/494728
FALSE,2018-02-26,Traxsource,Dave DK,Better Believe Me Charts,https://www.traxsource.com/title/937755/better-believe-me-charts
FALSE,2018-02-25,Beatport,Murat Uncuoglu,MURAT UNCUOGLU February 2018 top 10 MURAT UNCUOGLU February 2018 top 10 Murat Uncuoglu,https://www.beatport.com/chart/murat-uncuoglu-february-2018-top-10/494615
FALSE,2018-02-21,Traxsource,Tiefschwarz,Tiefschwarz Galaxia Charts on Traxsource,https://www.traxsource.com/title/935516/tiefschwarz-galaxia-charts
FALSE,2018-02-16,Beatport,Tiefschwarz,tiefschwarz Galaxia charts Tiefschwarz,https://www.beatport.com/chart/tiefschwarz-galaxia-charts/493210
FALSE,2018-02-12,Beatport,Andre Lodemann,February 2018 Andre Lodemann,https://www.beatport.com/chart/february-2018/492480
FALSE,2018-02-09,Beatport,VONDA7,Analog Heart VONDA7,https://www.beatport.com/chart/analog-heart/492043
FALSE,2018-01-29,Beatport,Fideles,January Chart Fideles,https://www.beatport.com/chart/january-chart/490021
FALSE,2018-01-29,Beatport,Los Suruba,Los Suruba 1420 chart Los Suruba,https://www.beatport.com/chart/los-suruba-1420-chart/489964
FALSE,2018-01-18,Beatport,Kolombo,Kolombo Chart Jan2018 Kolombo,https://www.beatport.com/chart/kolombo-chart-jan2018/488202
FALSE,2018-01-17,Beatport,Jonas Rathsman,Carmine Selections Jonas Rathsman,https://www.beatport.com/chart/carmine-selections/488082
FALSE,2018-01-13,Beatport,AFFKT,Red Crocanti AFFKT,https://www.beatport.com/chart/red-crocanti/487470
FALSE,2018-01-12,Beatport,Andhim,andhim Januar charts Andhim,https://www.beatport.com/chart/andhim-januar-charts/487294
FALSE,2018-01-04,Beatport,Los Suruba,Los Suruba Viracocha tour chart Los Suruba,https://www.beatport.com/chart/los-suruba-viracocha-tour-chart/486028
FALSE,2017-12-28,Traxsource,Angelos,DJ ANGELO TRAXSOURCE 2017 TOP 20,https://www.traxsource.com/title/912577/dj-angelo-traxsource-2017-top-20
FALSE,2017-12-27,Beatport,Upercent,Moments Chart Upercent,https://www.beatport.com/chart/moments-chart/484764
FALSE,2017-12-20,Beatport,Jonas Rathsman,Winter 2017 Selection Jonas Rathsman,https://www.beatport.com/chart/winter-2017-selection/483642
FALSE,2017-12-20,Beatport,Truncate,WRKTRX Truncate,https://www.beatport.com/chart/wrktrx/483722
FALSE,2017-12-19,Beatport,Nina Kraviz,NINA KRAVIZ ESSENTIAL MIX Beatport,https://www.beatport.com/chart/nina-kraviz-essential-mix/483492
FALSE,2017-12-19,Beatport,Rampa,You Are Safe Rampa,https://www.beatport.com/chart/you-are-safe/483575
FALSE,2017-12-13,Beatport,DJ Pierre,DJ PIERRE - Wildpitch The Story DJ Pierre,https://www.beatport.com/chart/dj-pierre-wildpitch-the-story/482533
FALSE,2017-12-04,Beatport,Fideles,2017 Best Tracks Fideles,https://www.beatport.com/chart/2017-best-tracks/480377
FALSE,2017-11-30,Beatport,Los Suruba,"Los Suruba ""Feeling High chart"" Los Suruba",https://www.beatport.com/chart/los-suruba-feeling-high-chart/479759
FALSE,2017-11-28,Beatport,Ninetoes,"Ninetoes ""Deli Kadir"" Ulen Charts Ninetoes",https://www.beatport.com/chart/ninetoes-deli-kadir-ulen-charts/479413
FALSE,2017-11-28,Traxsource,Andre Hommen,André Hommen - Kissing Your Eyes Chart,https://www.traxsource.com/title/902509/andre-hommen-kissing-your-eyes-chart
FALSE,2017-11-27,Beatport,Jimpster,Jimpster Chart for December Jimpster,https://www.beatport.com/chart/jimpster-chart-for-december/479168
FALSE,2017-11-25,Beatport,Emanuel Satie,Emanuel Satie - One Love Chart Emanuel Satie,https://www.beatport.com/chart/emanuel-satie-one-love-chart/478918
FALSE,2017-11-24,Beatport,Joris Voorn,Dark Science Chart Joris Voorn,https://www.beatport.com/chart/dark-science-chart/478757
FALSE,2017-11-24,Traxsource,Booka Shade,'Aftermath / Limelight' Chart,https://www.traxsource.com/title/900811/aftermath-limelight-chart
FALSE,2017-11-22,Beatport,Adam Port,Adam Port's You Are Safe Charts Adam Port,https://www.beatport.com/chart/adam-ports-you-are-safe-charts/478506
FALSE,2017-11-21,Beatport,Truncate,November 2017 Selections Truncate,https://www.beatport.com/chart/november-2017-selections/478289
FALSE,2017-11-19,Beatport,AFFKT,Vertigo AFFKT,https://www.beatport.com/chart/vertigo/477948
FALSE,2017-11-13,Beatport,Upercent,Tretze EP Chart Upercent,https://www.beatport.com/chart/tretze-ep-chart/476862
FALSE,2017-11-09,Beatport,Jimpster,Jimpster Chart for November 2017 Jimpster,https://www.beatport.com/chart/jimpster-chart-for-november-2017/476344
FALSE,2017-11-08,Beatport,Booka Shade,Booka Shade Aftermath Chart Booka Shade,https://www.beatport.com/chart/booka-shade-aftermath-chart/476137
FALSE,2017-11-08,Beatport,Upercent,Snatch! Label of The Month Chart Upercent,https://www.beatport.com/chart/snatch-label-of-the-month-chart/476223
FALSE,2017-11-06,Traxsource,Aaaron,Last Day on Earth Charts,https://www.traxsource.com/title/892028/last-day-on-earth-charts
FALSE,2017-11-03,Beatport,Super Flu,Super Flu's Skorr Chart CIOZ,https://www.beatport.com/chart/super-flus-skorr-chart/475281
FALSE,2017-11-01,Traxsource,Hyenah,Hyenah - The Ritual Charts on Traxsource,https://www.traxsource.com/title/897689/the-ritual-charts
FALSE,2017-10-31,Beatport,AFFKT,De Orde Van de Nacht AFFKT,https://www.beatport.com/chart/de-orde-van-de-nacht/474643
FALSE,2017-10-30,Traxsource,Tiefschwarz,North / South,https://www.traxsource.com/title/888577/north-south
FALSE,2017-10-26,Beatport,Tiefschwarz,tiefschwarz north / south charts oct 17 tiefschwarz north / south charts oct 17 Tiefschwarz,https://www.beatport.com/chart/tiefschwarz-north-south-charts-oct-17/473899
FALSE,2017-10-26,Beatport,Upercent,Upercent - Snatch! 100th Chart Upercent,https://www.beatport.com/chart/upercent-snatch-100th-chart/473951
FALSE,2017-10-25,Beatport,Ninetoes,"Ninetoes' ""Put the Cherry on top"" Charts Ninetoes' ""Put the Cherry on top"" Charts Ninetoes",https://www.beatport.com/chart/ninetoes-put-the-cherry-on-top-charts/473791
FALSE,2017-10-24,Beatport,Edu Imbernon,Edu Imbernon Lucent Chart Edu Imbernon,https://www.beatport.com/chart/edu-imbernon-lucent-chart/473520
FALSE,2017-10-24,Beatport,Fideles,Impressum Chart Fideles,https://www.beatport.com/chart/impressum-chart/473673
FALSE,2017-10-24,Traxsource,Bontan,Bontan's You Dont Know Chart,https://www.traxsource.com/title/886999/bontans-you-dont-know-chart
FALSE,2017-10-23,Beatport,Helmut Dubnitzky,Helmut Dubnitzky - Autumn Charts 2017 Helmut Dubnitzky - Autumn Charts 2017 Helmut Dubnitzky,https://www.beatport.com/chart/helmut-dubnitzky-autumn-charts-2017/473455
FALSE,2017-10-23,Beatport,Helmut Dubnitzky,Autumn Charts Helmut Dubnitzky,https://www.beatport.com/chart/autumn-charts/473447
FALSE,2017-10-13,Beatport,Bontan,Bontan's Vanity Chart Bontan,https://www.beatport.com/chart/bontans-vanity-chart/471809
FALSE,2017-10-12,Beatport,Jimpster,Jimpster Chart for October 2017 Jimpster,https://www.beatport.com/chart/jimpster-chart-for-october-2017/471626
FALSE,2017-10-10,Beatport,Re.you,Work It Now by Re.You Re.you,https://www.beatport.com/chart/work-it-now-by-reyou/471217
FALSE,2017-10-10,Beatport,Truncate,ADE 2017 Truncate,https://www.beatport.com/chart/ade-2017/471358
FALSE,2017-10-01,Traxsource,Enoo Napa,Enoo Napa - Uyankenteza Chart on Traxsource,https://www.traxsource.com/title/880623/uyankenteza-chart
FALSE,2017-09-23,Beatport,Jimpster,Jimpster Chart for September '17 Jimpster,https://www.beatport.com/chart/jimpster-chart-for-september-17/468334
FALSE,2017-09-20,Beatport,Richy Ahmed,Richy Ahmed Hot Creations Chart Richy Ahmed,https://www.beatport.com/chart/richy-ahmed-hot-creations-chart/467829
FALSE,2017-09-17,Beatport,Rampa,gemischtes doppel Rampa,https://www.beatport.com/chart/gemischtes-doppel/467237
FALSE,2017-09-14,Beatport,Jonas Rathsman,Autumn 2017 Selection Jonas Rathsman,https://www.beatport.com/chart/autumn-2017-selection/466856
FALSE,2017-09-07,Beatport,Upercent,Caos Chart Upercent,https://www.beatport.com/chart/caos-chart/465693
FALSE,2017-09-06,Beatport,Bontan,BEST OF HOT CREATIONS Bontan,https://www.beatport.com/chart/best-of-hot-creations/465539
FALSE,2017-09-06,Beatport,Re.you,Younion 003 by Re.You Re.you,https://www.beatport.com/chart/younion-003-by-reyou/465618
FALSE,2017-09-04,Beatport,Bontan,You Don't Know Bontan,https://www.beatport.com/chart/you-dont-know/465138
FALSE,2017-09-01,Beatport,Florian Kruse,Florian Kruse's 'Homeless Hearts' September Florian Kruse's 'Homeless Hearts' September Florian Kruse,https://www.beatport.com/chart/florian-kruses-homeless-hearts-september/464591
FALSE,2017-09-01,Beatport,Andhim,"andhim ""September charts"" Andhim",https://www.beatport.com/chart/andhim-september-charts/465480
FALSE,2017-08-30,Beatport,VONDA7,Cuckoo Summer VONDA7,https://www.beatport.com/chart/cuckoo-summer/464182
FALSE,2017-08-22,Beatport,Rampa,professional dj charts Rampa,https://www.beatport.com/chart/professional-dj-charts/462774
FALSE,2017-08-14,Beatport,Jonas Rathsman,Summer 2017 Selection Jonas Rathsman,https://www.beatport.com/chart/summer-2017-selection/461525
FALSE,2017-08-12,Traxsource,Angelos,DJ ANGELO TRAXSOURCE CHART AUGUST 2017,https://www.traxsource.com/title/849457/dj-angelo-traxsource-chart-august-2017
FALSE,2017-08-08,Beatport,AFFKT,Sunday Ghost AFFKT,https://www.beatport.com/chart/sunday-ghost/460536
FALSE,2017-08-08,Beatport,Kolombo,Kolombo August 2017 Chart Kolombo,https://www.beatport.com/chart/kolombo-august-2017-chart/460519
FALSE,2017-08-01,Beatport,Fideles,August Water Chart Fideles,https://www.beatport.com/chart/august-water-chart/459175
FALSE,2017-08-01,Traxsource,Florian Kruse,Florian Kruse - Florian Kruse's 'Keep Your Ear To TheGround Chart ...,https://www.traxsource.com/title/859319/florian-kruses-keep-your-ear-to-theground-chart
FALSE,2017-07-28,Beatport,Andhim,andhim August charts 2017 Andhim,https://www.beatport.com/chart/andhim-august-charts-2017/460776
FALSE,2017-07-26,Beatport,Los Suruba,"Los Suruba ""Nazca chart"" Los Suruba",https://www.beatport.com/chart/los-suruba-nazca-chart/458007
FALSE,2017-07-26,Beatport,Tiefschwarz,tiefschwarz midsummer-rain charts 17 tiefschwarz midsummer-rain charts 17 Tiefschwarz,https://www.beatport.com/chart/tiefschwarz-midsummerrain-charts-17/458004
FALSE,2017-07-13,Beatport,Bontan,Bontan's 'Feel It' Chart Bontan,https://www.beatport.com/chart/bontans-feel-it-chart/456302
FALSE,2017-07-13,Beatport,Re.you,You Are Who You Are by Re.You Re.you,https://www.beatport.com/chart/you-are-who-you-are-by-reyou/456312
FALSE,2017-07-12,Beatport,Kolombo,"Kolombo ""Just Like That"" Chart Kolombo",https://www.beatport.com/chart/kolombo-just-like-that-chart/456178
FALSE,2017-07-12,Traxsource,&ME,&ME 10 Tracks to Avalon,https://www.traxsource.com/title/834564/and-me-10-tracks-to-avalon
FALSE,2017-07-11,Beatport,DJ Tennis,Dj Kicks Chart DJ Tennis,https://www.beatport.com/chart/dj-kicks-chart/455982
FALSE,2017-07-10,Beatport,AFFKT,Despertar AFFKT,https://www.beatport.com/chart/despertar/455864
FALSE,2017-07-04,Beatport,Adam Port,Adam Port's Summer 2017 Charts Adam Port,https://www.beatport.com/chart/adam-ports-summer-2017-charts/455065
FALSE,2017-07-04,Beatport,Radio Slave,Radio Slave “Summer In Berlin” Chart Radio Slave “Summer In Berlin” Chart Radio Slave,https://www.beatport.com/chart/radio-slave-summer-in-berlin-chart/455167
FALSE,2017-07-03,Beatport,Upercent,Upercent July Chart 2017 Upercent,https://www.beatport.com/chart/upercent-july-chart-2017/454905
FALSE,2017-06-30,Beatport,Jonas Rathsman,X Series Vol. 1 Chart Jonas Rathsman,https://www.beatport.com/chart/x-series-vol-1-chart/454612
FALSE,2017-06-30,Traxsource,Andre Lodemann,Andre Lodemann 'Birth' Chart,https://www.traxsource.com/title/828022/andre-lodemann-birth-chart
FALSE,2017-06-27,Beatport,Fideles,July Chart Fideles,https://www.beatport.com/chart/july-chart/454156
FALSE,2017-06-22,Beatport,Upercent,Upercent's June 2017 Chart Upercent,https://www.beatport.com/chart/upercents-june-2017-chart/453582
FALSE,2017-06-21,Beatport,Fideles,Fideles - June 2017 Fideles,https://www.beatport.com/chart/fideles-june-2017/453453
FALSE,2017-06-21,Beatport,Helmut Dubnitzky,Helmut Dubnitzky - Brise @ Barcelona Charts Helmut Dubnitzky - Brise @ Barcelona Charts Helmut Dubnitzky,https://www.beatport.com/chart/helmut-dubnitzky-brise-barcelona-charts/453488
FALSE,2017-06-20,Beatport,DJ Pierre,DJ Pierre Sexy Aquarian House Music Chart DJ Pierre Sexy Aquarian House Music Chart DJ Pierre,https://www.beatport.com/chart/dj-pierre-sexy-aquarian-house-music-chart/453363
FALSE,2017-06-20,Beatport,Ninetoes,Ninetoes' Bonita Charts Ninetoes,https://www.beatport.com/chart/ninetoes-bonita-charts/453223
FALSE,2017-06-19,Beatport,Kolombo,Kolombo Summer 2017 Chart Kolombo,https://www.beatport.com/chart/kolombo-summer-2017-chart/453011
FALSE,2017-06-15,Beatport,Tiefschwarz,tiefschwarz charts june 17 Tiefschwarz,https://www.beatport.com/chart/tiefschwarz-charts-june-17/452604
FALSE,2017-06-14,Beatport,Andre Lodemann,Birth Andre Lodemann,https://www.beatport.com/chart/birth/452504
FALSE,2017-06-13,Beatport,Los Suruba,"Los Suruba ""Funk You chart"" Los Suruba",https://www.beatport.com/chart/los-suruba-funk-you-chart/452419
FALSE,2017-06-06,Beatport,AFFKT,Modus Operandi AFFKT,https://www.beatport.com/chart/modus-operandi/451374
FALSE,2017-06-06,Beatport,Sante,Summer kit by Sante Sansone Sante Sansone,https://www.beatport.com/chart/summer-kit-by-sante-sansone/451382
FALSE,2017-06-02,Beatport,Adam Port,ADAM PORT'S EUROPA CHARTS Adam Port,https://www.beatport.com/chart/adam-ports-europa-charts/450868
FALSE,2017-06-02,Beatport,Radio Slave,Radio Slave June Chart Radio Slave,https://www.beatport.com/chart/radio-slave-june-chart/450884
FALSE,2017-06-02,Beatport,Rampa,Hall Of Violence Rampa,https://www.beatport.com/chart/hall-of-violence/450924
FALSE,2017-05-31,Beatport,Terranova,Terranova Sebastian Deluca,https://www.beatport.com/chart/terranova/450647
FALSE,2017-05-30,Beatport,Nasser Baker,Nasser Baker's 'Just Like That' Chart Nasser Baker's 'Just Like That' Chart Nasser Baker,https://www.beatport.com/chart/nasser-bakers-just-like-that-chart/450377
FALSE,2017-05-27,Beatport,Terranova,Ian Metty's Terranova Chart for May 2017 Ian Metty,https://www.beatport.com/chart/ian-mettys-terranova-chart-for-may-2017/450073
FALSE,2017-05-26,Beatport,Emanuel Satie,Emanuel Satie - Summer Frenzy Charts Emanuel Satie - Summer Frenzy Charts Emanuel Satie,https://www.beatport.com/chart/emanuel-satie-summer-frenzy-charts/449934
FALSE,2017-05-22,Beatport,Joris Voorn,I Ran The Zoo Joris Voorn,https://www.beatport.com/chart/i-ran-the-zoo/449489
FALSE,2017-05-22,Beatport,Upercent,Upercent May '17 Chart Upercent,https://www.beatport.com/chart/upercent-may-17-chart/449427
FALSE,2017-05-19,Beatport,Ninetoes,"Ninetoes' ""Come Back"" Charts Ninetoes",https://www.beatport.com/chart/ninetoes-come-back-charts/449204
FALSE,2017-05-18,Beatport,DJ Pierre,DJ Pierre Axiom Chart DJ Pierre,https://www.beatport.com/chart/dj-pierre-axiom-chart/449095
FALSE,2017-05-15,Beatport,Betoko,Betoko Spring Goodies Betoko,https://www.beatport.com/chart/betoko-spring-goodies/448476
FALSE,2017-05-15,Beatport,Re.you,I have the feeling... by Re.You Re.you,https://www.beatport.com/chart/i-have-the-feeling-by-reyou/448523
FALSE,2017-05-15,Traxsource,Angelos,DJ ANGELO CRUISE TO THE BAHAMAS CHART MAY 2017,https://www.traxsource.com/title/805242/dj-angelo-cruise-to-the-bahamas-chart-may-2017
FALSE,2017-05-13,Beatport,Truncate,Droid takeover Truncate,https://www.beatport.com/chart/droid-takeover/448329
FALSE,2017-05-11,Beatport,Edu Imbernon,"Edu Imbernon ""Underworld"" Chart Edu Imbernon",https://www.beatport.com/chart/edu-imbernon-underworld-chart/448076
FALSE,2017-05-11,Beatport,VONDA7,Spring in the city VONDA7,https://www.beatport.com/chart/spring-in-the-city/448126
FALSE,2017-05-10,Beatport,Jonas Rathsman,JONAS RATHSMAN MAY 2017 TOP 10 JONAS RATHSMAN MAY 2017 TOP 10 Jonas Rathsman,https://www.beatport.com/chart/jonas-rathsman-may-2017-top-10/447936
FALSE,2017-05-04,Beatport,Jimpster,Jimpster Chart for May 2017 Jimpster,https://www.beatport.com/chart/jimpster-chart-for-may-2017/447181
FALSE,2017-05-03,Beatport,Atjazz,Atjazz Record Co. Debut Chart Ben Gomori,https://www.beatport.com/chart/atjazz-record-co-debut-chart/447017
FALSE,2017-05-01,Traxsource,Florian Kruse,Florian Kruse - Florian Kruse's 'Synchronizer' Chart on Traxsource,https://www.traxsource.com/title/798841/florian-kruses-synchronizer-chart
FALSE,2017-04-28,Beatport,AFFKT,Squared AFFKT,https://www.beatport.com/chart/squared/446391
FALSE,2017-04-26,Traxsource,David Mayer,David Mayer's April Bubbles on Traxsource,https://www.traxsource.com/title/795405/david-mayers-april-bubbles
FALSE,2017-04-25,Traxsource,Adam Port,Adam Port Ganesha Charts on Traxsource,https://www.traxsource.com/title/795128/adam-port-ganesha-charts
FALSE,2017-04-19,Beatport,Andre Lodemann,April 2017 Andre Lodemann,https://www.beatport.com/chart/april-2017/445226
FALSE,2017-04-18,Beatport,Adam Port,Adam Port's Ganesha Charts Adam Port,https://www.beatport.com/chart/adam-ports-ganesha-charts/444998
FALSE,2017-04-14,Beatport,Rampa,K Rampa,https://www.beatport.com/chart/k/444528
FALSE,2017-04-12,Beatport,Jonas Rathsman,Jonas Rathsman March 2017 Top 10 Jonas Rathsman,https://www.beatport.com/chart/jonas-rathsman-march-2017-top-10/444273
FALSE,2017-04-12,Traxsource,Andre Lodemann,Andre Lodemann April 2017,https://www.traxsource.com/title/788802/andre-lodemann-april-2017
FALSE,2017-04-05,Beatport,Ninetoes,Ninetoes' April Charts Ninetoes,https://www.beatport.com/chart/ninetoes-april-charts/443334
FALSE,2017-04-03,Beatport,Kolombo,Kolombo April 2017 Chart Kolombo,https://www.beatport.com/chart/kolombo-april-2017-chart/442902
FALSE,2017-04-01,Beatport,Andhim,"andhim ""April Charts"" Andhim",https://www.beatport.com/chart/andhim-april-charts/443877
FALSE,2017-03-31,Beatport,Los Suruba,"Los Suruba ""Red & Blue chart"" Los Suruba",https://www.beatport.com/chart/los-suruba-red-blue-chart/442618
FALSE,2017-03-30,Beatport,Kreature,Kreature - Access Chart Kreature,https://www.beatport.com/chart/kreature-access-chart/442423
FALSE,2017-03-28,Beatport,AFFKT,Apocalipsideways AFFKT,https://www.beatport.com/chart/apocalipsideways/442126
FALSE,2017-03-27,Beatport,Betoko,Betoko Siriusness Chart Betoko,https://www.beatport.com/chart/betoko-siriusness-chart/441957
FALSE,2017-03-23,Beatport,Bontan,It Reminds Me of the First Time Bontan,https://www.beatport.com/chart/it-reminds-me-of-the-first-time/441402
FALSE,2017-03-18,Beatport,Emanuel Satie,Emanuel Satie - Voodoo Charts Emanuel Satie,https://www.beatport.com/chart/emanuel-satie-voodoo-charts/440665
FALSE,2017-03-17,Beatport,Joris Voorn,Spectrum at MMW 2017 Joris Voorn,https://www.beatport.com/chart/spectrum-at-mmw-2017/440485
FALSE,2017-03-13,Beatport,Upercent,Quimera Chart Upercent,https://www.beatport.com/chart/quimera-chart/439853
FALSE,2017-03-08,Beatport,Re.you,Karma Chart by Re.You Re.you,https://www.beatport.com/chart/karma-chart-by-reyou/439312
FALSE,2017-03-08,Beatport,VONDA7,The Future is Female VONDA7,https://www.beatport.com/chart/the-future-is-female/439307
FALSE,2017-03-06,Beatport,AFFKT,Sunset AFFKT,https://www.beatport.com/chart/sunset/438929
FALSE,2017-03-01,Beatport,Bontan,Bontans 'Call You Back' Chart Bontan,https://www.beatport.com/chart/bontans-call-you-back-chart/438174
FALSE,2017-03-01,Traxsource,Angelos,DJ ANGELO TRAXSOURCE CHART MARCH 2017,https://www.traxsource.com/title/767825/dj-angelo-traxsource-chart-march-2017
FALSE,2017-03-01,Beatport,Andhim,"andhim ""March chart"" Andhim",https://www.beatport.com/chart/andhim-march-chart/439320
FALSE,2017-02-28,Beatport,Los Suruba,"Los Suruba ""March Jams"" Los Suruba",https://www.beatport.com/chart/los-suruba-march-jams/438065
FALSE,2017-02-28,Beatport,Radio Slave,Radio Slave Beatport Chart Radio Slave,https://www.beatport.com/chart/radio-slave-beatport-chart/438003
FALSE,2017-02-27,Beatport,Ninetoes,Ninetoes' WHADDUP KID Charts Ninetoes,https://www.beatport.com/chart/ninetoes-whaddup-kid-charts/437729
FALSE,2017-02-23,Beatport,Andre Lodemann,February 2017 Andre Lodemann,https://www.beatport.com/chart/february-2017/437252
FALSE,2017-02-23,Traxsource,Andre Lodemann,Andre Lodemann February 2017,https://www.traxsource.com/title/765583/andre-lodemann-february-2017
FALSE,2017-02-14,Beatport,Tiefschwarz,tiefschwarz is calling home feb 17 Tiefschwarz,https://www.beatport.com/chart/tiefschwarz-is-calling-home-feb-17/436127
FALSE,2017-02-07,Traxsource,&ME,Transcendence Tracks,https://www.traxsource.com/title/757274/transcendence-tracks
FALSE,2017-02-03,Beatport,Jimpster,Jimpster Chart for February 2017 Jimpster,https://www.beatport.com/chart/jimpster-chart-for-february-2017/434782
FALSE,2017-02-02,Beatport,Ninetoes,Ninetoes' February Charts Ninetoes,https://www.beatport.com/chart/ninetoes-february-charts/434676
FALSE,2017-02-01,Beatport,Emanuel Satie,Emanuel Satie - All The Time Charts Emanuel Satie - All The Time Charts Emanuel Satie,https://www.beatport.com/chart/emanuel-satie-all-the-time-charts/434510
FALSE,2017-02-01,Traxsource,Adam Port,Adam Port Changes Charts,https://www.traxsource.com/title/754172/adam-port-changes-charts
FALSE,2017-01-31,Beatport,Adam Port,Adam Port's Changes Charts Adam Port,https://www.beatport.com/chart/adam-ports-changes-charts/434243
FALSE,2017-01-27,Beatport,Rampa,The Touchdown 2017 Rampa,https://www.beatport.com/chart/the-touchdown-2017/433665
FALSE,2017-01-23,Beatport,Los Suruba,"Los Suruba ""Winter chart"" Los Suruba",https://www.beatport.com/chart/los-suruba-winter-chart/433208
FALSE,2017-01-22,Beatport,Bontan,Bontans 'C'est Moi' Chart Bontan,https://www.beatport.com/chart/bontans-cest-moi-chart/433015
FALSE,2017-01-17,Beatport,VONDA7,Decompressing VONDA7,https://www.beatport.com/chart/decompressing/432395
FALSE,2017-01-14,Traxsource,Adam Port,Adam Port Free Wifi Charts,https://www.traxsource.com/title/744364/adam-port-free-wifi-charts
FALSE,2017-01-13,Beatport,Adam Port,Adam Port's Free Wifi Charts Adam Port,https://www.beatport.com/chart/adam-ports-free-wifi-charts/432059
FALSE,2017-01-12,Beatport,Kolombo,"Kolombo ""Make It Look Good"" Chart Kolombo ""Make It Look Good"" Chart Kolombo",https://www.beatport.com/chart/kolombo-make-it-look-good-chart/431857
FALSE,2017-01-01,Traxsource,Stereo MC's,Stereo MC's - Stereo Mc's Changes Chart on Traxsource,https://www.traxsource.com/title/751673/stereo-mcs-changes-chart
FALSE,2016-12-22,Beatport,Re.you,Re.You in 2016 Re.you,https://www.beatport.com/chart/reyou-in-2016/429337
FALSE,2016-12-21,Beatport,Ninetoes,"Ninetoes' ""my 2016 on beatport"" Charts Ninetoes' ""my 2016 on beatport"" Charts Ninetoes",https://www.beatport.com/chart/ninetoes-my-2016-on-beatport-charts/429263
FALSE,2016-12-19,Beatport,Los Suruba,"Los Suruba ""Xmas chart"" Los Suruba",https://www.beatport.com/chart/los-suruba-xmas-chart/428876
FALSE,2016-12-17,Beatport,Fideles,Vitamins Chart Fideles,https://www.beatport.com/chart/vitamins-chart/428649
FALSE,2016-12-14,Beatport,DJ Pierre,DJ Pierre's ACiD 88 Chart DJ Pierre,https://www.beatport.com/chart/dj-pierres-acid-88-chart/428286
FALSE,2016-12-14,Beatport,Helmut Dubnitzky,Helmut Dubnitzky - Starter 2018 Helmut Dubnitzky,https://www.beatport.com/chart/helmut-dubnitzky-starter-2018/428252
FALSE,2016-12-14,Beatport,Helmut Dubnitzky,Helmut Dubnitzky - December Top 10 Helmut Dubnitzky - December Top 10 Helmut Dubnitzky,https://www.beatport.com/chart/helmut-dubnitzky-december-top-10/428253
FALSE,2016-12-13,Beatport,Upercent,Upercent Sombres Chart Upercent,https://www.beatport.com/chart/upercent-sombres-chart/428081
FALSE,2016-12-12,Beatport,AFFKT,Sombres AFFKT,https://www.beatport.com/chart/sombres/427852
FALSE,2016-12-12,Beatport,VONDA7,Winter collection VONDA7,https://www.beatport.com/chart/winter-collection/427876
FALSE,2016-12-01,Beatport,Andhim,"andhim ""December charts"" Andhim",https://www.beatport.com/chart/andhim-december-charts/426636
FALSE,2016-11-30,Traxsource,Angelos,DJ ANGELO TRAXSOURCE CHART DECEMBER 2016,https://www.traxsource.com/title/725949/dj-angelo-traxsource-chart-december-2016
FALSE,2016-11-28,Beatport,Kolombo,Kolombo December 2016 Chart Kolombo,https://www.beatport.com/chart/kolombo-december-2016-chart/425719
FALSE,2016-11-25,Beatport,Agoria,Agoria Sapiens Chart Agoria,https://www.beatport.com/chart/agoria-sapiens-chart/425530
FALSE,2016-11-23,Beatport,VONDA7,Journey VONDA7,https://www.beatport.com/chart/journey/425291
FALSE,2016-11-22,Beatport,Andre Lodemann,November 2016 Andre Lodemann,https://www.beatport.com/chart/november-2016/425132
FALSE,2016-11-22,Beatport,Los Suruba,"Los Suruba ""Playa chart"" Los Suruba",https://www.beatport.com/chart/los-suruba-playa-chart/425078
FALSE,2016-11-15,Beatport,Betoko,Betoko Crazy Jack Chart Betoko,https://www.beatport.com/chart/betoko-crazy-jack-chart/424090
FALSE,2016-11-14,Beatport,AFFKT,Life after SOATS AFFKT,https://www.beatport.com/chart/life-after-soats/423967
FALSE,2016-11-10,Traxsource,Adam Port,Adam Port XXX Charts on Traxsource,https://www.traxsource.com/title/715363/adam-port-xxx-charts
FALSE,2016-11-08,Traxsource,Emanuel Satie,Emanuel Satie - Hotter Than November Charts on Traxsource,https://www.traxsource.com/title/714585/emanuel-satie-hotter-than-november-charts
FALSE,2016-11-07,Traxsource,Toto Chiavetta,Toto Chiavetta Silence Has Come Chart,https://www.traxsource.com/title/713416/toto-chiavetta-silence-has-come-chart
FALSE,2016-11-04,Beatport,VONDA7,Herbst Chart VONDA7,https://www.beatport.com/chart/herbst-chart/422777
FALSE,2016-11-01,Traxsource,Andre Lodemann,Andre Lodemann November 2016 on Traxsource,https://www.traxsource.com/title/722361/andre-lodemann-november-2016
FALSE,2016-11-01,Traxsource,Terranova,Francesco Terranova november chart on Traxsource,https://www.traxsource.com/title/723435/francesco-terranova-november-chart
FALSE,2016-10-31,Beatport,Ninetoes,"Ninetoes' ""All Night Long"" Charts Ninetoes",https://www.beatport.com/chart/ninetoes-all-night-long-charts/422179
FALSE,2016-10-27,Beatport,Re.you,Substitute by Re.You Re.you,https://www.beatport.com/chart/substitute-by-reyou/421632
FALSE,2016-10-27,Traxsource,AFFKT,AFFKT - Son Of A Thousand Sounds Chart,https://www.traxsource.com/title/708371/affkt-son-of-a-thousand-sounds-chart
FALSE,2016-10-21,Beatport,Radio Slave,Artist Of The Week Radio Slave Radio Slave,https://www.beatport.com/chart/artist-of-the-week-radio-slave/420796
FALSE,2016-10-20,Traxsource,Ninetoes,"Ninetoes' ""Doo Doo / Diana"" Charts - Traxsource",https://www.traxsource.com/title/704537/ninetoes-doo-doo-diana-charts
FALSE,2016-10-17,Beatport,Bontan,Bontan's ADE Picks Bontan,https://www.beatport.com/chart/bontans-ade-picks/420144
FALSE,2016-10-17,Beatport,Ninetoes,"Ninetoes' ""Doo / Diana"" Charts Ninetoes",https://www.beatport.com/chart/ninetoes-doo-diana-charts/420133
FALSE,2016-10-15,Beatport,Solomun,Detox Charts Solomun,https://www.beatport.com/chart/detox-charts/419992
FALSE,2016-10-14,Beatport,Jimpster,Jimpster favourites for October 2016 Jimpster favourites for October 2016 Jimpster,https://www.beatport.com/chart/jimpster-favourites-for-october-2016/419808
FALSE,2016-10-13,Beatport,Upercent,"Upercent's ""Pedres"" Chart Upercent",https://www.beatport.com/chart/upercents-pedres-chart/419652
FALSE,2016-10-12,Beatport,Jonas Rathsman,Jonas Rathsman September 2016 Top 10 Jonas Rathsman September 2016 Top 10 Jonas Rathsman,https://www.beatport.com/chart/jonas-rathsman-september-2016-top-10/419523
FALSE,2016-10-10,Beatport,VONDA7,Lost & Found in Barcelona VONDA7,https://www.beatport.com/chart/lost-found-in-barcelona/419181
FALSE,2016-10-07,Beatport,Emanuel Satie,Emanuel Satie - ADE 2016 Charts Emanuel Satie,https://www.beatport.com/chart/emanuel-satie-ade-2016-charts/418880
FALSE,2016-10-06,Beatport,Edu Imbernon,Edu Imbernon - Summer is over chart Edu Imbernon - Summer is over chart Edu Imbernon,https://www.beatport.com/chart/edu-imbernon-summer-is-over-chart/418619
FALSE,2016-10-05,Beatport,Truncate,ADE 2016 Truncate,https://www.beatport.com/chart/ade-2016/418493
FALSE,2016-10-05,Beatport,Upercent,Upercent's October 2016 Chart Upercent,https://www.beatport.com/chart/upercents-october-2016-chart/418529
FALSE,2016-10-04,Beatport,AFFKT,ADE is coming! AFFKT,https://www.beatport.com/chart/ade-is-coming/418313
FALSE,2016-10-02,Beatport,Kolombo,Kolombo October 2016 Chart Kolombo,https://www.beatport.com/chart/kolombo-october-2016-chart/417927
FALSE,2016-10-01,Beatport,Andhim,"andhim ""Innerbloom charts"" Andhim",https://www.beatport.com/chart/andhim-innerbloom-charts/421595
FALSE,2016-10-01,Beatport,Andhim,"andhim ""October charts"" Andhim",https://www.beatport.com/chart/andhim-october-charts/417807
FALSE,2016-09-27,Beatport,AFFKT,Son Of A Thousand Sounds AFFKT,https://www.beatport.com/chart/son-of-a-thousand-sounds/417216
FALSE,2016-09-24,Beatport,Rampa,PEACE Rampa,https://www.beatport.com/chart/peace/416816
FALSE,2016-09-16,Traxsource,Toto Chiavetta,Toto Chiavetta Chart on Traxsource,https://www.traxsource.com/title/688571/toto-chiavetta-chart
FALSE,2016-09-15,Beatport,Adam Port,Adam Port's End of Summer 2016 Charts Adam Port's End of Summer 2016 Charts Adam Port,https://www.beatport.com/chart/adam-ports-end-of-summer-2016-charts/415774
FALSE,2016-09-15,Beatport,Ninetoes,"Ninetoes' ""September's very own"" Charts Ninetoes' ""September's very own"" Charts Ninetoes",https://www.beatport.com/chart/ninetoes-septembers-very-own-charts/415815
FALSE,2016-09-13,Beatport,Helmut Dubnitzky,Helmut Dubnitzky - Authenticity Charts Helmut Dubnitzky - Authenticity Charts Helmut Dubnitzky,https://www.beatport.com/chart/helmut-dubnitzky-authenticity-charts/415585
FALSE,2016-09-12,Beatport,Bontan,Senses Chart Bontan,https://www.beatport.com/chart/senses-chart/415381
FALSE,2016-09-04,Beatport,Hyenah,Hyenah on fire Charts Hyenah,https://www.beatport.com/chart/hyenah-on-fire-charts/414308
FALSE,2016-09-02,Beatport,Rampa,Weapons & Co Rampa,https://www.beatport.com/chart/weapons-co/414143
FALSE,2016-09-01,Beatport,Andhim,"andhim ""September charts"" Andhim",https://www.beatport.com/chart/andhim-september-charts/415242
FALSE,2016-08-31,Traxsource,&ME,One on One,https://www.traxsource.com/title/679897/one-on-one
FALSE,2016-08-29,Beatport,AFFKT,The Rush Flint AFFKT,https://www.beatport.com/chart/the-rush-flint/413393
FALSE,2016-08-29,Beatport,Fideles,"The ""Flat"" Chart Fideles",https://www.beatport.com/chart/the-flat-chart/413441
FALSE,2016-08-28,Beatport,Los Suruba,"Los Suruba ""Bad Behaviour chart"" Los Suruba",https://www.beatport.com/chart/los-suruba-bad-behaviour-chart/413291
FALSE,2016-08-18,Beatport,Adam Port,Adam Port's Cape Coast Charts Adam Port,https://www.beatport.com/chart/adam-ports-cape-coast-charts/412181
FALSE,2016-08-17,Beatport,Truncate,Summer 2016 Trax Truncate,https://www.beatport.com/chart/summer-2016-trax/412117
FALSE,2016-08-16,Beatport,Ninetoes,"Ninetoes' ""Hope to FindHer Charts"" Ninetoes",https://www.beatport.com/chart/ninetoes-hope-to-findher-charts/411904
FALSE,2016-08-15,Beatport,Emanuel Satie,Emanuel Satie - Knee Deep In Summer Charts Emanuel Satie - Knee Deep In Summer Charts Emanuel Satie,https://www.beatport.com/chart/emanuel-satie-knee-deep-in-summer-charts/411747
FALSE,2016-08-10,Beatport,Joris Voorn,Like It Or Not Chart Joris Voorn,https://www.beatport.com/chart/like-it-or-not-chart/411283
FALSE,2016-08-04,Beatport,Upercent,Upercent's August Chart 2016 Upercent,https://www.beatport.com/chart/upercents-august-chart-2016/410584
FALSE,2016-08-01,Traxsource,Angelos,DJ ANGELO TRAXSOURCE CHART AUGUST 2016,https://www.traxsource.com/title/665054/dj-angelo-traxsource-chart-august-2016
FALSE,2016-07-28,Beatport,Los Suruba,"Los Suruba ""Summer rain chart"" Los Suruba",https://www.beatport.com/chart/los-suruba-summer-rain-chart/409665
FALSE,2016-07-25,Beatport,AFFKT,Flashcrash AFFKT,https://www.beatport.com/chart/flashcrash/409140
FALSE,2016-07-25,Beatport,Helmut Dubnitzky,Helmut Dubnitzky - Summer Break Charts Helmut Dubnitzky - Summer Break Charts Helmut Dubnitzky,https://www.beatport.com/chart/helmut-dubnitzky-summer-break-charts/409258
FALSE,2016-07-25,Beatport,Ninetoes,Ninetoes' #RBSB Charts Ninetoes,https://www.beatport.com/chart/ninetoes-rbsb-charts/409233
FALSE,2016-07-19,Beatport,Nandu,Nandu Loves You Til The End Nandu,https://www.beatport.com/chart/nandu-loves-you-til-the-end/408565
FALSE,2016-07-18,Beatport,Jonas Rathsman,Jonas Rathsman July 2016 Top 10 Jonas Rathsman,https://www.beatport.com/chart/jonas-rathsman-july-2016-top-10/408395
FALSE,2016-07-13,Beatport,Rampa,Sonnen Rampa,https://www.beatport.com/chart/sonnen/407896
FALSE,2016-07-07,Beatport,AFFKT,Encrypted chart AFFKT,https://www.beatport.com/chart/encrypted-chart/407179
FALSE,2016-07-06,Beatport,Edu Imbernon,Edu Imbernon summer chart Edu Imbernon,https://www.beatport.com/chart/edu-imbernon-summer-chart/407024
FALSE,2016-07-05,Traxsource,&ME,Total Eclipse,https://www.traxsource.com/title/652653/total-eclipse
FALSE,2016-07-04,Beatport,Stereo MC's,Stereo Mc's Summer chart Stereo MC's,https://www.beatport.com/chart/stereo-mcs-summer-chart/406796
FALSE,2016-07-02,Traxsource,Andre Lodemann,Andre Lodemann June 2016,https://www.traxsource.com/title/651430/andre-lodemann-june-2016
FALSE,2016-07-01,Traxsource,Adam Port,Adam Port's Autobahn Charts,https://www.traxsource.com/title/651094/adam-ports-autobahn-charts
FALSE,2016-07-01,Beatport,Andhim,"andhim ""July charts"" Andhim",https://www.beatport.com/chart/andhim-july-charts/406695
FALSE,2016-06-29,Beatport,Adam Port,Adam Port's Sonnenfinsternis Charts Adam Port's Sonnenfinsternis Charts Adam Port,https://www.beatport.com/chart/adam-ports-sonnenfinsternis-charts/406168
FALSE,2016-06-29,Beatport,Ninetoes,"Ninetoes' ""DESDA July Charts"" Ninetoes",https://www.beatport.com/chart/ninetoes-desda-july-charts/406084
FALSE,2016-06-21,Beatport,Andre Lodemann,June 2016 Andre Lodemann,https://www.beatport.com/chart/june-2016/405158
FALSE,2016-06-20,Beatport,AFFKT,Bittersweet AFFKT,https://www.beatport.com/chart/bittersweet/404942
FALSE,2016-06-15,Beatport,Tiefschwarz,tiefschwarz off sonar 2016 charts Tiefschwarz,https://www.beatport.com/chart/tiefschwarz-off-sonar-2016-charts/404440
FALSE,2016-06-14,Beatport,Bontan,Bontan's 'Work' Chart Bontan,https://www.beatport.com/chart/bontans-work-chart/404333
FALSE,2016-06-10,Beatport,Emanuel Satie,Emanuel Satie - Countdown to Sonar Charts Emanuel Satie - Countdown to Sonar Charts Emanuel Satie,https://www.beatport.com/chart/emanuel-satie-countdown-to-sonar-charts/403789
FALSE,2016-06-10,Beatport,Re.you,JUNE CHART by Re.You Re.you,https://www.beatport.com/chart/june-chart-by-reyou/403774
FALSE,2016-06-07,Beatport,Florian Kruse,Florian Kruse's 10 for the club June edition Florian Kruse's 10 for the club June edition Florian Kruse,https://www.beatport.com/chart/florian-kruses-10-for-the-club-june-edition/403443
FALSE,2016-06-07,Beatport,Los Suruba,"Los Suruba ""Plug & Play chart"" Los Suruba",https://www.beatport.com/chart/los-suruba-plug-play-chart/403463
FALSE,2016-06-06,Beatport,Jonas Rathsman,Complex June Chart Jonas Rathsman,https://www.beatport.com/chart/complex-june-chart/403160
FALSE,2016-06-03,Traxsource,David Mayer,David Mayer's May in June 2016 - Traxsource,https://www.traxsource.com/title/636742/david-mayers-may-in-june-2016
FALSE,2016-06-01,Traxsource,Adam Port,Adam Port's Island Charts on Traxsource,https://www.traxsource.com/title/635422/adam-ports-island-charts
FALSE,2016-05-31,Beatport,Joris Voorn,This Story Until Now Joris Voorn,https://www.beatport.com/chart/this-story-until-now/402447
FALSE,2016-05-30,Beatport,Emanuel Satie,Emanuel Satie - Don't Cha Charts Emanuel Satie,https://www.beatport.com/chart/emanuel-satie-dont-cha-charts/402308
FALSE,2016-05-24,Traxsource,&ME,Another Day In May,https://www.traxsource.com/title/631919/another-day-in-may
FALSE,2016-05-23,Beatport,Ninetoes,"Ninetoes' ""10 best Little Beat Things"" Ninetoes' ""10 best Little Beat Things"" Ninetoes",https://www.beatport.com/chart/ninetoes-10-best-little-beat-things/401395
FALSE,2016-05-14,Beatport,Florian Kruse,Florian Kruse's ten for the club may edition Florian Kruse's ten for the club may edition Florian Kruse,https://www.beatport.com/chart/florian-kruses-ten-for-the-club-may-edition/400366
FALSE,2016-05-13,Beatport,Kolombo,Kolombo Secret May 2016 Chart Kolombo,https://www.beatport.com/chart/kolombo-secret-may-2016-chart/400187
FALSE,2016-05-13,Beatport,Upercent,Upercent's May 2016 Chart Upercent,https://www.beatport.com/chart/upercents-may-2016-chart/400192
FALSE,2016-05-09,Beatport,Jimpster,Jimpster Chart for May 2016 Jimpster,https://www.beatport.com/chart/jimpster-chart-for-may-2016/399576
FALSE,2016-05-09,Beatport,Los Suruba,"Los Suruba ""May Jams"" Los Suruba",https://www.beatport.com/chart/los-suruba-may-jams/399720
FALSE,2016-05-09,Beatport,VONDA7,Behind the seven mountains VONDA7,https://www.beatport.com/chart/behind-the-seven-mountains/399651
FALSE,2016-05-08,Beatport,Hyenah,Hyenah rising Charts Hyenah,https://www.beatport.com/chart/hyenah-rising-charts/399511
FALSE,2016-05-04,Beatport,Adam Port,Adam Port's Island Charts Adam Port,https://www.beatport.com/chart/adam-ports-island-charts/399028
FALSE,2016-05-04,Beatport,Ninetoes,"Ninetoes' ""May I have your attention"" Charts Ninetoes' ""May I have your attention"" Charts Ninetoes",https://www.beatport.com/chart/ninetoes-may-i-have-your-attention-charts/399034
FALSE,2016-05-03,Beatport,Emanuel Satie,Emanuel Satie - Hi & Low Charts Emanuel Satie,https://www.beatport.com/chart/emanuel-satie-hi-low-charts/398932
FALSE,2016-05-01,Beatport,Rampa,TRUST ME Rampa,https://www.beatport.com/chart/trust-me/398522
FALSE,2016-05-01,Traxsource,Hyenah,Hyenah - Hyenah's Rising Chart on Traxsource,https://www.traxsource.com/title/622963/hyenahs-rising-chart
FALSE,2016-05-01,Beatport,Andhim,"andhim ""May Okay"" charts Andhim",https://www.beatport.com/chart/andhim-may-okay-charts/399894
FALSE,2016-04-26,Beatport,Jonas Rathsman,Jonas Rathsman April 2016 Top 10 Jonas Rathsman,https://www.beatport.com/chart/jonas-rathsman-april-2016-top-10/397873
FALSE,2016-04-26,Beatport,Nandu,Nandu - Love You Til The End Chart Nandu,https://www.beatport.com/chart/nandu-love-you-til-the-end-chart/397856
FALSE,2016-04-22,Beatport,Bontan,Bontan's Rewind Chart Bontan,https://www.beatport.com/chart/bontans-rewind-chart/397384
FALSE,2016-04-18,Beatport,AFFKT,Shavasana Omplit AFFKT,https://www.beatport.com/chart/shavasana-omplit/396849
FALSE,2016-04-17,Beatport,Adam Port,Adam Port's Trust Charts Adam Port,https://www.beatport.com/chart/adam-ports-trust-charts/396711
FALSE,2016-04-12,Beatport,Kolombo,Kolombo April 2016 Chart Kolombo,https://www.beatport.com/chart/kolombo-april-2016-chart/396069
FALSE,2016-04-12,Beatport,Upercent,Upercent's April 2016 Chart Upercent,https://www.beatport.com/chart/upercents-april-2016-chart/396052
FALSE,2016-04-11,Beatport,Nandu,"Nandu - ""Glömde"" Chart Nandu",https://www.beatport.com/chart/nandu-glmde-chart/395855
FALSE,2016-04-08,Beatport,Emanuel Satie,Emanuel Satie - April Charts Emanuel Satie,https://www.beatport.com/chart/emanuel-satie-april-charts/395537
FALSE,2016-04-06,Beatport,Adam Port,Adam Port's Shadowrun Charts Adam Port,https://www.beatport.com/chart/adam-ports-shadowrun-charts/395206
FALSE,2016-04-04,Beatport,VONDA7,Waterfalling VONDA7,https://www.beatport.com/chart/waterfalling/394847
FALSE,2016-04-02,Beatport,Helmut Dubnitzky,Helmut Dubnitzky - Spring Charts 2016 Helmut Dubnitzky - Spring Charts 2016 Helmut Dubnitzky,https://www.beatport.com/chart/helmut-dubnitzky-spring-charts-2016/394728
FALSE,2016-04-01,Traxsource,Echonomist,Echonomist - Echonomist 'Positivity' Chart on Traxsource,https://www.traxsource.com/title/496210/echonomist-positivity-chart
FALSE,2016-04-01,Traxsource,Echonomist,Echonomist - Echonomist's Random Memory Chart (April 2016) on ...,https://www.traxsource.com/title/610669/echonomists-random-memory-chart-april-2016
FALSE,2016-04-01,Traxsource,Sante,Outta Control Chart - Sante Sansone - Traxsource,https://www.traxsource.com/title/973047/outta-control-chart
FALSE,2016-04-01,Traxsource,Sante,Sante Sansone - NO MORE CHART on Traxsource,https://www.traxsource.com/title/770819/no-more-chart
FALSE,2016-04-01,Traxsource,Sante,Sante Sansone - Venice in Love Chart on Traxsource,https://www.traxsource.com/title/693249/venice-in-love-chart
FALSE,2016-04-01,Beatport,Andhim,"andhim ""April charts"" Andhim",https://www.beatport.com/chart/andhim-april-charts/395941
FALSE,2016-03-21,Beatport,AFFKT,San Diego Oxi AFFKT,https://www.beatport.com/chart/san-diego-oxi/392973
FALSE,2016-03-19,Beatport,Los Suruba,"Los Suruba ""Surubing jams"" Los Suruba",https://www.beatport.com/chart/los-suruba-surubing-jams/392766
FALSE,2016-03-18,Beatport,Kolombo,Kolombo March 2016 Chart Kolombo,https://www.beatport.com/chart/kolombo-march-2016-chart/392599
FALSE,2016-03-04,Beatport,Emanuel Satie,Emanuel Satie - March Madness Charts Emanuel Satie - March Madness Charts Emanuel Satie,https://www.beatport.com/chart/emanuel-satie-march-madness-charts/390540
FALSE,2016-03-01,Traxsource,Kreature,Kreature - Kreature LNM Chart (March 2016) on Traxsource,https://www.traxsource.com/title/589487/kreature-lnm-chart-march-2016
FALSE,2016-03-01,Beatport,Andhim,"andhim ""WMC charts"" Andhim",https://www.beatport.com/chart/andhim-wmc-charts/391261
FALSE,2016-02-29,Beatport,DJ Pierre,"DJ Pierre, The ""WHAT?"" chart DJ Pierre",https://www.beatport.com/chart/dj-pierre-the-what-chart/389738
FALSE,2016-02-23,Beatport,AFFKT,Invisible Sensation AFFKT,https://www.beatport.com/chart/invisible-sensation/388791
FALSE,2016-02-22,Beatport,Adam Port,Adam Port's Taste Charts Adam Port,https://www.beatport.com/chart/adam-ports-taste-charts/388586
FALSE,2016-02-22,Traxsource,Adam Port,Adam Port's Traxsource Taste Charts,https://www.traxsource.com/title/585345/adam-ports-traxsource-taste-charts
FALSE,2016-02-19,Beatport,Kolombo,Kolombo February 2016 Chart Kolombo,https://www.beatport.com/chart/kolombo-february-2016-chart/388219
FALSE,2016-02-18,Beatport,Upercent,February 2016 Chart Upercent,https://www.beatport.com/chart/february-2016-chart/388075
FALSE,2016-02-16,Beatport,Andre Lodemann,February 2016 Andre Lodemann,https://www.beatport.com/chart/february-2016/387790
FALSE,2016-02-15,Beatport,Los Suruba,"Los Suruba ""Shadows chart"" Los Suruba",https://www.beatport.com/chart/los-suruba-shadows-chart/387628
FALSE,2016-02-14,Traxsource,Florian Kruse,Florian Kruse's 'Move In Slow Motion' Chart - Traxsource,https://www.traxsource.com/title/581715/florian-kruses-move-in-slow-motion-chart
FALSE,2016-02-13,Beatport,Nick Curly,Nick Curly´s February 2016 Charts Nick Curly,https://www.beatport.com/chart/nick-curlys-february-2016-charts/387387
FALSE,2016-02-12,Beatport,Florian Kruse,Florian Kruse’s ‘Move In Slow Motion’ chart Florian Kruse’s ‘Move In Slow Motion’ chart Florian Kruse,https://www.beatport.com/chart/florian-kruses-move-in-slow-motion-chart/387301
FALSE,2016-02-11,Beatport,Ninetoes,"Ninetoes' ""Because I - Break It Down"" Charts Ninetoes' ""Because I - Break It Down"" Charts Ninetoes",https://www.beatport.com/chart/ninetoes-because-i-break-it-down-charts/387224
FALSE,2016-02-05,Beatport,Emanuel Satie,Emanuel Satie - Come As You Are Charts Emanuel Satie - Come As You Are Charts Emanuel Satie,https://www.beatport.com/chart/emanuel-satie-come-as-you-are-charts/386345
FALSE,2016-02-01,Traxsource,&ME,&ME - &ME Taste Like (February 2016) on Traxsource,https://www.traxsource.com/title/585265/and-me-taste-like-february-2016
FALSE,2016-01-25,Beatport,Florian Kruse,Florian Kruse's 'We Get High' Chart Florian Kruse,https://www.beatport.com/chart/florian-kruses-we-get-high-chart/384627
FALSE,2016-01-11,Beatport,Kolombo,Kolombo January 2016 chart Kolombo,https://www.beatport.com/chart/kolombo-january-2016-chart/383011
FALSE,2016-01-06,Beatport,Emanuel Satie,Emanuel Satie - I Get Deep Charts Emanuel Satie,https://www.beatport.com/chart/emanuel-satie-i-get-deep-charts/382429
FALSE,2016-01-06,Beatport,Ninetoes,Ninetoes' My '15 on beatport Ninetoes,https://www.beatport.com/chart/ninetoes-my-15-on-beatport/382463
FALSE,2016-01-01,Beatport,Andhim,"andhim ""Best Of 2016"" charts Andhim",https://www.beatport.com/chart/andhim-best-of-2016-charts/429531
FALSE,2015-12-28,Beatport,VONDA7,In the rain you're mine VONDA7,https://www.beatport.com/chart/in-the-rain-youre-mine/381333
FALSE,2015-12-28,Traxsource,Angelos,DJ ANGELO 2015 TOP 20 (December),https://www.traxsource.com/title/562037/dj-angelo-2015-top-20-december
FALSE,2015-12-22,Beatport,Helmut Dubnitzky,End Of The Year Charts 2015 Helmut Dubnitzky,https://www.beatport.com/chart/end-of-the-year-charts-2015/380503
FALSE,2015-12-21,Beatport,Florian Kruse,Florian Kruse's ten for the club 'december' Florian Kruse's ten for the club 'december' Florian Kruse,https://www.beatport.com/chart/florian-kruses-ten-for-the-club-december/380377
FALSE,2015-12-17,Beatport,Kolombo,Kolombo December 2015 Chart Kolombo,https://www.beatport.com/chart/kolombo-december-2015-chart/379837
FALSE,2015-12-15,Beatport,Los Suruba,"Los Suruba ""End of the year chart"" Los Suruba",https://www.beatport.com/chart/los-suruba-end-of-the-year-chart/379602
FALSE,2015-12-14,Beatport,Fideles,Fideles December '15 Fideles,https://www.beatport.com/chart/fideles-december-15/379211
FALSE,2015-12-11,Beatport,Emanuel Satie,Emanuel Satie - Best of Remixes Charts Emanuel Satie - Best of Remixes Charts Emanuel Satie,https://www.beatport.com/chart/emanuel-satie-best-of-remixes-charts/378917
FALSE,2015-12-09,Beatport,Ninetoes,Ninetoes' December Charts Ninetoes,https://www.beatport.com/chart/ninetoes-december-charts/378679
FALSE,2015-12-01,Beatport,AFFKT,Someone in the Sky AFFKT,https://www.beatport.com/chart/someone-in-the-sky/377552
FALSE,2015-12-01,Traxsource,Hyenah,Hyenah - Hyenah 'Drums of the Season' Chart on Traxsource,https://www.traxsource.com/title/558326/hyenah-drums-of-the-season-chart
FALSE,2015-11-23,Beatport,Nandu,"Nandu, Snowy Feathers Chart Nandu",https://www.beatport.com/chart/nandu-snowy-feathers-chart/376529
FALSE,2015-11-18,Beatport,Upercent,"""La Familia"" Chart Upercent",https://www.beatport.com/chart/la-familia-chart/375975
FALSE,2015-11-17,Beatport,Edu Imbernon,Edu Imbernon Fixing Fires Chart Edu Imbernon,https://www.beatport.com/chart/edu-imbernon-fixing-fires-chart/375841
FALSE,2015-11-16,Beatport,Nick Curly,"Nick Curly - ""Reverie"" Charts Nick Curly",https://www.beatport.com/chart/nick-curly-reverie-charts/375672
FALSE,2015-11-16,Beatport,Re.you,"I Don't Know, Baby by Re.You Re.you",https://www.beatport.com/chart/i-dont-know-baby-by-reyou/375557
FALSE,2015-11-11,Beatport,Ninetoes,"Ninetoes' ""too many remixes"" November Charts Ninetoes' ""too many remixes"" November Charts Ninetoes",https://www.beatport.com/chart/ninetoes-too-many-remixes-november-charts/375077
FALSE,2015-11-06,Beatport,Emanuel Satie,Emanuel Satie - Get Out Charts Emanuel Satie,https://www.beatport.com/chart/emanuel-satie-get-out-charts/374390
FALSE,2015-11-05,Beatport,Helmut Dubnitzky,Helmut Dubnitzky - Autumn Charts 2015 Helmut Dubnitzky - Autumn Charts 2015 Helmut Dubnitzky,https://www.beatport.com/chart/helmut-dubnitzky-autumn-charts-2015/374259
FALSE,2015-11-04,Beatport,Upercent,November Chart '15 Upercent,https://www.beatport.com/chart/november-chart-15/374027
FALSE,2015-11-03,Beatport,Jonas Rathsman,Jonas Rathsman Autumn Chart Jonas Rathsman,https://www.beatport.com/chart/jonas-rathsman-autumn-chart/373870
FALSE,2015-11-03,Beatport,Kolombo,Kolombo November 2015 chart Kolombo,https://www.beatport.com/chart/kolombo-november-2015-chart/373857
FALSE,2015-11-02,Beatport,Florian Kruse,Florian Kruse's ten for the club Florian Kruse,https://www.beatport.com/chart/florian-kruses-ten-for-the-club/373693
FALSE,2015-11-01,Traxsource,Clavis,Clavis - Banza Chart (November 2015) on Traxsource,https://www.traxsource.com/title/541759/banza-chart-november-2015
FALSE,2015-11-01,Beatport,Andhim,"andhim ""November To Remember"" charts andhim ""November To Remember"" charts Andhim",https://www.beatport.com/chart/andhim-november-to-remember-charts/374601
FALSE,2015-10-30,Beatport,Los Suruba,"Los Suruba ""Halloween jams"" Los Suruba",https://www.beatport.com/chart/los-suruba-halloween-jams/373351
FALSE,2015-10-30,Traxsource,Adam Port,"Adam Port's ""This Time"" Chart",https://www.traxsource.com/title/539995/adam-ports-this-time-chart
FALSE,2015-10-24,Beatport,VONDA7,Nostalgic October VONDA7,https://www.beatport.com/chart/nostalgic-october/372408
FALSE,2015-10-20,Beatport,Emanuel Satie,Emanuel Satie - Your Body Charts Emanuel Satie,https://www.beatport.com/chart/emanuel-satie-your-body-charts/371920
FALSE,2015-10-12,Beatport,AFFKT,Vomvo selection 2 AFFKT,https://www.beatport.com/chart/vomvo-selection-2/370804
FALSE,2015-10-12,Beatport,Bontan,Bontan's Mind Dimension Chart Bontan,https://www.beatport.com/chart/bontans-mind-dimension-chart/370902
FALSE,2015-10-12,Beatport,Butch,DOPE BUTCH Butch,https://www.beatport.com/chart/dope-butch/370812
FALSE,2015-10-12,Beatport,Helmut Dubnitzky,Helmut Dubnitzky - October Charts 2015 Helmut Dubnitzky - October Charts 2015 Helmut Dubnitzky,https://www.beatport.com/chart/helmut-dubnitzky-october-charts-2015/370891
FALSE,2015-10-06,Beatport,Betoko,Betoko Blisters Chart Betoko,https://www.beatport.com/chart/betoko-blisters-chart/369981
FALSE,2015-10-01,Beatport,Argy,"ARGY ""Autumn Leaves"" Argy",https://www.beatport.com/chart/argy-autumn-leaves/369356
FALSE,2015-10-01,Beatport,Los Suruba,"Los Suruba ""October jams"" Los Suruba",https://www.beatport.com/chart/los-suruba-october-jams/369460
FALSE,2015-10-01,Beatport,Andhim,"andhim ""October"" charts Andhim",https://www.beatport.com/chart/andhim-october-charts/370070
FALSE,2015-09-28,Beatport,Edu Imbernon,Edu Imbernon Autumn Chart Edu Imbernon,https://www.beatport.com/chart/edu-imbernon-autumn-chart/368832
FALSE,2015-09-28,Traxsource,&ME,&ME September Sounds,https://www.traxsource.com/title/526679/and-me-september-sounds
FALSE,2015-09-25,Beatport,Adam Port,Adam Port's New Born Charts Adam Port,https://www.beatport.com/chart/adam-ports-new-born-charts/368584
FALSE,2015-09-24,Traxsource,Angelos,DJ ANGELO SEPTEMBER 2015 TRAXSOURCE CHART,https://www.traxsource.com/title/525162/dj-angelo-september-2015-traxsource-chart
FALSE,2015-09-16,Beatport,Solomun,Best of Ibiza Solomun,https://www.beatport.com/chart/best-of-ibiza/367407
FALSE,2015-09-15,Beatport,Kolombo,Kolombo September 2015 Chart Kolombo,https://www.beatport.com/chart/kolombo-september-2015-chart/367262
FALSE,2015-09-15,Beatport,Kolombo,Kolombo September 2015 Chart Kolombo,https://www.beatport.com/chart/kolombo-september-2015-chart/367265
FALSE,2015-09-14,Beatport,AFFKT,Vomvo selection 1 AFFKT,https://www.beatport.com/chart/vomvo-selection-1/366993
FALSE,2015-09-14,Beatport,Florian Kruse,Florian Kruse’s ‘Skylines’ Chart Florian Kruse,https://www.beatport.com/chart/florian-kruses-skylines-chart/367011
FALSE,2015-09-07,Beatport,Ninetoes,Ninetoes' 'Blue Dreams' Charts Ninetoes,https://www.beatport.com/chart/ninetoes-blue-dreams-charts/366143
FALSE,2015-09-04,Beatport,Andre Lodemann,September 2015 Andre Lodemann,https://www.beatport.com/chart/september-2015/365930
FALSE,2015-09-01,Beatport,Los Suruba,Los Suruba september jams Los Suruba,https://www.beatport.com/chart/los-suruba-september-jams/365496
FALSE,2015-09-01,Beatport,VONDA7,Vonda7 in the reMix VONDA7,https://www.beatport.com/chart/vonda7-in-the-remix/365390
FALSE,2015-09-01,Beatport,Andhim,"andhim ""September"" charts Andhim",https://www.beatport.com/chart/andhim-september-charts/366434
FALSE,2015-08-29,Beatport,Booka Shade,Booka Shade - Wildest Thing Top 10 (Sept 2015 Booka Shade - Wildest Thing Top 10 (Sept 2015 Booka Shade,https://www.beatport.com/chart/booka-shade-wildest-thing-top-10-sept-2015/364968
FALSE,2015-08-17,Beatport,Emanuel Satie,Emanuel Satie - Black Milk Charts Emanuel Satie,https://www.beatport.com/chart/emanuel-satie-black-milk-charts/363499
FALSE,2015-08-01,Beatport,Andhim,"andhim ""Already August"" charts Andhim",https://www.beatport.com/chart/andhim-already-august-charts/360806
FALSE,2015-07-28,Beatport,Helmut Dubnitzky,Helmut Dubnitzky - Summer Charts 2015 Helmut Dubnitzky - Summer Charts 2015 Helmut Dubnitzky,https://www.beatport.com/chart/helmut-dubnitzky-summer-charts-2015/360863
FALSE,2015-07-28,Beatport,Upercent,Upercent MARTIRI Chart Upercent,https://www.beatport.com/chart/upercent-martiri-chart/360807
FALSE,2015-07-27,Beatport,Ninetoes,Ninetoes 'Crayon / August' Charts Ninetoes,https://www.beatport.com/chart/ninetoes-crayon-august-charts/360640
FALSE,2015-07-23,Beatport,Adam Port,Adam Port's Woods Chart's Adam Port,https://www.beatport.com/chart/adam-ports-woods-charts/360143
FALSE,2015-07-20,Beatport,AFFKT,Sincopat Summer AFFKT,https://www.beatport.com/chart/sincopat-summer/359603
FALSE,2015-07-16,Beatport,Nick Curly,Nick Curlyz - Rack & Run Nick Curly,https://www.beatport.com/chart/nick-curlyz-rack-run/359336
FALSE,2015-07-14,Traxsource,&ME,Trilogy Tracks (July 2015),https://www.traxsource.com/title/499154/trilogy-tracks-july-2015
FALSE,2015-07-08,Beatport,Los Suruba,"Los Suruba ""ANTS the mix chart"" Los Suruba",https://www.beatport.com/chart/los-suruba-ants-the-mix-chart/358212
FALSE,2015-07-06,Beatport,Echonomist,"Echonomist ""Positivity Chart"" Echonomist",https://www.beatport.com/chart/echonomist-positivity-chart/357770
FALSE,2015-07-06,Beatport,Emanuel Satie,Emanuel Satie - Free At Last Charts Emanuel Satie,https://www.beatport.com/chart/emanuel-satie-free-at-last-charts/357693
FALSE,2015-07-03,Beatport,Kolombo,KOLOMBO July 2015 Chart Kolombo,https://www.beatport.com/chart/kolombo-july-2015-chart/357431
FALSE,2015-07-01,Traxsource,Dixon,Mobi Dixon 'Tribal Soul' Chart - Traxsource,https://www.traxsource.com/title/499828/mobi-dixon-tribal-soul-chart
FALSE,2015-06-30,Traxsource,Steve Bug,Steve Bug - House Music Is My Wife Chart (June 2015) on Traxsource,https://www.traxsource.com/title/493747/house-music-is-my-wife-chart-june-2015
FALSE,2015-06-29,Beatport,Ninetoes,Ninetoes 'YAZ' Charts Ninetoes,https://www.beatport.com/chart/ninetoes-yaz-charts/356638
FALSE,2015-06-26,Beatport,Edu Imbernon,Edu Imbernon summer chart Edu Imbernon,https://www.beatport.com/chart/edu-imbernon-summer-chart/356296
FALSE,2015-06-25,Traxsource,Tim Engelhardt,Everything Is All You Have Chart (June 2015),https://www.traxsource.com/title/492374/everything-is-all-you-have-chart-june-2015
FALSE,2015-06-17,Beatport,Echonomist,Echonomist OFF week Chart! Echonomist,https://www.beatport.com/chart/echonomist-off-week-chart/354951
FALSE,2015-06-11,Traxsource,Adam Port,Adam Port's 108 Charts (June 2015),https://www.traxsource.com/title/487054/adam-ports-108-charts-june-2015
FALSE,2015-06-10,Beatport,Emanuel Satie,Emanuel Satie - The Growing Charts Emanuel Satie - The Growing Charts Emanuel Satie,https://www.beatport.com/chart/emanuel-satie-the-growing-charts/354090
FALSE,2015-06-09,Beatport,Truncate,Summer 2015 Boogie Trax Truncate,https://www.beatport.com/chart/summer-2015-boogie-trax/353916
FALSE,2015-06-04,Beatport,Betoko,Betoko Summer Chart Betoko,https://www.beatport.com/chart/betoko-summer-chart/353250
FALSE,2015-06-04,Traxsource,Angelos,DJ ANGELO TRAXSOURCE TOP 10 JUNE 2015,https://www.traxsource.com/title/483886/dj-angelo-traxsource-top-10-june-2015
FALSE,2015-06-01,Beatport,Ninetoes,Ninetoes' 'Hood Funk' June Charts Ninetoes,https://www.beatport.com/chart/ninetoes-hood-funk-june-charts/352679
FALSE,2015-06-01,Traxsource,Tim Engelhardt,"Tim Engelhardt ""Moments Of Truth"" Chart on Traxsource",https://www.traxsource.com/title/802277/tim-engelhardt-moments-of-truth-chart
FALSE,2015-06-01,Beatport,Andhim,"andhim ""Rollercoaster"" charts Andhim",https://www.beatport.com/chart/andhim-rollercoaster-charts/356639
FALSE,2015-05-27,Beatport,Adam Port,Adam Port's 108 Charts Adam Port,https://www.beatport.com/chart/adam-ports-108-charts/352013
FALSE,2015-05-26,Beatport,Echonomist,"Echonomist ""The Gardens of Hypocrisy"" Chart Echonomist ""The Gardens of Hypocrisy"" Chart Echonomist",https://www.beatport.com/chart/echonomist-the-gardens-of-hypocrisy-chart/351809
FALSE,2015-05-19,Beatport,Booka Shade,Booka Shade´s ´Yaruba´ Chart Booka Shade,https://www.beatport.com/chart/booka-shades-yaruba-chart/350788
FALSE,2015-05-18,Beatport,Bontan,Bontan's 'Live My Life' chart Bontan,https://www.beatport.com/chart/bontans-live-my-life-chart/350635
FALSE,2015-05-14,Beatport,Kolombo,Kolombo May 2015 chart Kolombo,https://www.beatport.com/chart/kolombo-may-2015-chart/350171
FALSE,2015-05-12,Beatport,Bontan,Bontan's Activated Chart Bontan,https://www.beatport.com/chart/bontans-activated-chart/349881
FALSE,2015-05-12,Beatport,Upercent,Upercent 'SPACEMAN' Chart Upercent,https://www.beatport.com/chart/upercent-spaceman-chart/349860
FALSE,2015-05-12,Traxsource,&ME,&ME 'A Day In May' Chart,https://www.traxsource.com/title/474428/and-me-a-day-in-may-chart
FALSE,2015-05-11,Traxsource,Angelos,DJ ANGELO TRAXSOURCE CHART MAY 2015,https://www.traxsource.com/title/474208/dj-angelo-traxsource-chart-may-2015
FALSE,2015-05-05,Beatport,Emanuel Satie,Emanuel Satie - May 2015 Charts Emanuel Satie,https://www.beatport.com/chart/emanuel-satie-may-2015-charts/348880
FALSE,2015-05-04,Beatport,Edu Imbernon,Edu Imbernon Spring Chart Edu Imbernon,https://www.beatport.com/chart/edu-imbernon-spring-chart/348581
FALSE,2015-05-04,Beatport,Third Son,Third Son 'Terminal' Chart Third Son,https://www.beatport.com/chart/third-son-terminal-chart/348624
FALSE,2015-05-03,Beatport,Los Suruba,"Los Suruba ""Cederron chart"" Los Suruba",https://www.beatport.com/chart/los-suruba-cederron-chart/348400
FALSE,2015-05-02,Beatport,Helmut Dubnitzky,Helmut Dubnitzky - Spring Charts 2015 Helmut Dubnitzky - Spring Charts 2015 Helmut Dubnitzky,https://www.beatport.com/chart/helmut-dubnitzky-spring-charts-2015/348268
FALSE,2015-05-01,Beatport,Rampa,MAYbe Rampa,https://www.beatport.com/chart/maybe/348160
FALSE,2015-05-01,Beatport,Andhim,"andhim ""May Okay"" charts Andhim",https://www.beatport.com/chart/andhim-may-okay-charts/347975
FALSE,2015-04-30,Beatport,David Mayer,David Mayer Chose Black Charts David Mayer,https://www.beatport.com/chart/david-mayer-chose-black-charts/348022
FALSE,2015-04-30,Beatport,Re.you,Juicy Chart by Re.You Re.you,https://www.beatport.com/chart/juicy-chart-by-reyou/347997
FALSE,2015-04-30,Beatport,Richy Ahmed,Richy Ahmed's Month of May Richy Ahmed,https://www.beatport.com/chart/richy-ahmeds-month-of-may/347978
FALSE,2015-04-29,Beatport,Echonomist,Echonomist Above Chart Echonomist,https://www.beatport.com/chart/echonomist-above-chart/347756
FALSE,2015-04-28,Traxsource,Adam Port,"Adam Port ""Weiss auf Weiss"" Traxxx (April 2015)",https://www.traxsource.com/title/469170/adam-port-weiss-auf-weiss-traxxx-april-2015
FALSE,2015-04-26,Beatport,Adam Port,Adam Port's White On White Charts Adam Port's White On White Charts Adam Port,https://www.beatport.com/chart/adam-ports-white-on-white-charts/347275
FALSE,2015-04-22,Beatport,DJ Pierre,"DJ Pierre, The Underground - The Beat Chart! DJ Pierre, The Underground - The Beat Chart! DJ Pierre",https://www.beatport.com/chart/dj-pierre-the-underground-the-beat-chart/346873
FALSE,2015-04-14,Beatport,AFFKT,The Show AFFKT,https://www.beatport.com/chart/the-show/345630
FALSE,2015-04-14,Beatport,Adam Port,Adam Port's April Traxxx Adam Port,https://www.beatport.com/chart/adam-ports-april-traxxx/345535
FALSE,2015-04-14,Beatport,Los Suruba,"Los Suruba ""Suruba X chart"" Los Suruba",https://www.beatport.com/chart/los-suruba-suruba-x-chart/345578
FALSE,2015-04-14,Beatport,Re.you,Speicher Chart by Re.You Re.you,https://www.beatport.com/chart/speicher-chart-by-reyou/345529
FALSE,2015-04-06,Beatport,Rampa,getting potty Rampa,https://www.beatport.com/chart/getting-potty/344125
FALSE,2015-04-03,Beatport,Kolombo,KOLOMBO April 2015 chart Kolombo,https://www.beatport.com/chart/kolombo-april-2015-chart/343838
FALSE,2015-04-02,Beatport,Andre Lodemann,April 2015 Andre Lodemann,https://www.beatport.com/chart/april-2015/343727
FALSE,2015-04-01,Traxsource,Terranova,Terranova TopTen Kepler186F (April 2015) - Traxsource,https://www.traxsource.com/title/462586/terranova-topten-kepler186f-april-2015
FALSE,2015-03-31,Beatport,Agoria,Agoria Baptême Chart Agoria,https://www.beatport.com/chart/agoria-baptme-chart/343232
FALSE,2015-03-31,Beatport,Echonomist,Echonomist Lost & Found Chart Echonomist,https://www.beatport.com/chart/echonomist-lost-found-chart/343305
FALSE,2015-03-30,Beatport,Ninetoes,Ninetoes' April Ten's Ninetoes,https://www.beatport.com/chart/ninetoes-april-tens/343181
FALSE,2015-03-23,Beatport,Emanuel Satie,Emanuel Satie - Cold Sweat Charts Emanuel Satie,https://www.beatport.com/chart/emanuel-satie-cold-sweat-charts/341789
FALSE,2015-03-23,Beatport,Jonas Rathsman,Wolfsbane Spring Chart Jonas Rathsman,https://www.beatport.com/chart/wolfsbane-spring-chart/341861
FALSE,2015-03-19,Beatport,Booka Shade,Booka Shade's Line Of Fire Chart Booka Shade,https://www.beatport.com/chart/booka-shades-line-of-fire-chart/341314
FALSE,2015-03-18,Beatport,Upercent,UPERCENT MARCH 2015 Upercent,https://www.beatport.com/chart/upercent-march-2015/341137
FALSE,2015-03-17,Traxsource,Andre Lodemann,Andre Lodemann Miami 2015 Chart,https://www.traxsource.com/title/452347/andre-lodemann-miami-2015-chart
FALSE,2015-03-11,Beatport,AFFKT,Forward Thinking AFFKT,https://www.beatport.com/chart/forward-thinking/340124
FALSE,2015-03-09,Beatport,Emanuel Satie,Emanuel Satie - All Things Go Charts Emanuel Satie - All Things Go Charts Emanuel Satie,https://www.beatport.com/chart/emanuel-satie-all-things-go-charts/339498
FALSE,2015-03-03,Beatport,Adam Port,Adam Port's March Traxxx Adam Port,https://www.beatport.com/chart/adam-ports-march-traxxx/338641
FALSE,2015-03-03,Beatport,Echonomist,Echonomist The Underground Chart Echonomist The Underground Chart Echonomist,https://www.beatport.com/chart/echonomist-the-underground-chart/338707
FALSE,2015-03-03,Beatport,Subb-an,SUBB-AN WARP CHART Subb-an,https://www.beatport.com/chart/subban-warp-chart/338718
FALSE,2015-03-03,Beatport,VONDA7,In my Barryland VONDA7,https://www.beatport.com/chart/in-my-barryland/338716
FALSE,2015-03-03,Traxsource,Osunlade,Osunlade - Yoruba Gold (March 2015) on Traxsource,https://www.traxsource.com/title/445790/yoruba-gold-march-2015
FALSE,2015-03-02,Beatport,Los Suruba,"Los Suruba ""Surubing chart"" Los Suruba",https://www.beatport.com/chart/los-suruba-surubing-chart/338589
FALSE,2015-03-02,Beatport,Ninetoes,"Ninetoes' ""Union"" Charts Ninetoes",https://www.beatport.com/chart/ninetoes-union-charts/338480
FALSE,2015-03-01,Beatport,Rampa,Good Times Roll Rampa,https://www.beatport.com/chart/good-times-roll/338208
FALSE,2015-03-01,Beatport,Andhim,"andhim ""March"" charts Andhim",https://www.beatport.com/chart/andhim-march-charts/339949
FALSE,2015-02-28,Beatport,Tim Engelhardt,"Tim Engelhardt's ""Watermelon"" Chart 02/2015 Tim Engelhardt's ""Watermelon"" Chart 02/2015 Tim Engelhardt",https://www.beatport.com/chart/tim-engelhardts-watermelon-chart-022015/338085
FALSE,2015-02-27,Beatport,Atjazz,Atjazz February 2015 Beatport Selection Atjazz February 2015 Beatport Selection Atjazz,https://www.beatport.com/chart/atjazz-february-2015-beatport-selection/337935
FALSE,2015-02-20,Beatport,Echonomist,Echonomist February Chart 2015 Echonomist,https://www.beatport.com/chart/echonomist-february-chart-2015/336740
FALSE,2015-02-19,Beatport,Jepe,JEPE February Selection Jepe,https://www.beatport.com/chart/jepe-february-selection/336575
FALSE,2015-02-09,Beatport,Jepe,JEPE TenPlusOne Jepe,https://www.beatport.com/chart/jepe-tenplusone/334552
FALSE,2015-02-05,Beatport,Atjazz,Atjazz January Beatport Selection Atjazz,https://www.beatport.com/chart/atjazz-january-beatport-selection/334015
FALSE,2015-02-03,Beatport,Helmut Dubnitzky,begin of 2015 Charts Helmut Dubnitzky,https://www.beatport.com/chart/begin-of-2015-charts/333678
FALSE,2015-02-02,Beatport,Jonas Rathsman,Jonas Rathsman January Jonas Rathsman,https://www.beatport.com/chart/jonas-rathsman-january/333208
FALSE,2015-02-02,Beatport,Ninetoes,Ninetoes' February Meow Charts Ninetoes,https://www.beatport.com/chart/ninetoes-february-meow-charts/333300
FALSE,2015-02-02,Traxsource,Angelos,DJ ANGELO TRAXSOURCE CHART FEBRUARY 2015,https://www.traxsource.com/title/434735/dj-angelo-traxsource-chart-february-2015
FALSE,2015-02-01,Traxsource,Jepe,Jepe - JEPE Picks . Ten Plus one. (February 2015) on Traxsource,https://www.traxsource.com/title/437526/jepe-picks-ten-plus-one-february-2015
FALSE,2015-02-01,Beatport,Andhim,"andhim ""SPAYCE"" charts Andhim",https://www.beatport.com/chart/andhim-spayce-charts/335858
FALSE,2015-01-30,Beatport,Tim Engelhardt,"Tim Engelhardt ""New 23"" Chart Tim Engelhardt",https://www.beatport.com/chart/tim-engelhardt-new-23-chart/332781
FALSE,2015-01-26,Beatport,Emanuel Satie,Emanuel Satie - Private Show Charts Emanuel Satie - Private Show Charts Emanuel Satie,https://www.beatport.com/chart/emanuel-satie-private-show-charts/331746
FALSE,2015-01-26,Beatport,Los Suruba,"Los Suruba ""Fine chart"" Los Suruba",https://www.beatport.com/chart/los-suruba-fine-chart/331865
FALSE,2015-01-22,Beatport,Kolombo,Kolombo January 2015 Chart Kolombo,https://www.beatport.com/chart/kolombo-january-2015-chart/331076
FALSE,2015-01-21,Beatport,Adam Port,Adam Port's Double Cup Traxxx Adam Port,https://www.beatport.com/chart/adam-ports-double-cup-traxxx/330974
FALSE,2015-01-21,Beatport,Bontan,Bontan's 'Promises' chart Bontan,https://www.beatport.com/chart/bontans-promises-chart/330906
FALSE,2015-01-19,Beatport,AFFKT,Rantanplan chart AFFKT,https://www.beatport.com/chart/rantanplan-chart/330486
FALSE,2015-01-06,Beatport,Atjazz,Atjazz January 2015 Beatport Selection Atjazz January 2015 Beatport Selection Atjazz,https://www.beatport.com/chart/atjazz-january-2015-beatport-selection/328212
FALSE,2015-01-05,Beatport,Adam Port,Adam Port's First Strike Charts Adam Port,https://www.beatport.com/chart/adam-ports-first-strike-charts/327905
FALSE,2015-01-01,Traxsource,Jonathan Kaspar,Jonathan Kaspar - Avoidizzle Charts July (2015) on Traxsource,https://www.traxsource.com/title/502259/jonathan-kaspar-avoidizzle-charts-july-2015
FALSE,2014-12-30,Beatport,Ninetoes,Ninetoes' Paapaa / Jiving Charts Ninetoes,https://www.beatport.com/chart/ninetoes-paapaa-jiving-charts/327096
FALSE,2014-12-29,Beatport,Keinemusik,Keinemusik at bpm 2015 Rampa,https://www.beatport.com/chart/keinemusik-at-bpm-2015/326689
FALSE,2014-12-26,Beatport,Tale Of Us,Xmas Tale of Us Time4Tale,https://www.beatport.com/chart/xmas-tale-of-us/326025
FALSE,2014-12-26,Beatport,Terranova,terranova top ten 2014 Terranova,https://www.beatport.com/chart/terranova-top-ten-2014/326042
FALSE,2014-12-23,Beatport,AFFKT,VomVo AFFKT,https://www.beatport.com/chart/vomvo/325474
FALSE,2014-12-23,Beatport,Tim Engelhardt,Tim Engelhardt's Paralyzed Chart Tim Engelhardt,https://www.beatport.com/chart/tim-engelhardts-paralyzed-chart/325596
FALSE,2014-12-22,Beatport,Helmut Dubnitzky,Helmut Dubnitzky - End Of Year 2014 Charts Helmut Dubnitzky - End Of Year 2014 Charts Helmut Dubnitzky,https://www.beatport.com/chart/helmut-dubnitzky-end-of-year-2014-charts/325174
FALSE,2014-12-19,Beatport,Ninetoes,Ninetoes' Favourite Records Of 2014 Ninetoes' Favourite Records Of 2014 Ninetoes,https://www.beatport.com/chart/ninetoes-favourite-records-of-2014/324681
FALSE,2014-12-16,Beatport,Kolombo,Kolombo December 2014 Chart Kolombo,https://www.beatport.com/chart/kolombo-december-2014-chart/323221
FALSE,2014-12-16,Beatport,Subb-an,Subb-an - Vapour Trails Chart Subb-an,https://www.beatport.com/chart/subban-vapour-trails-chart/323207
FALSE,2014-12-16,Beatport,VONDA7,The Rumors of Epiphany Chart VONDA7,https://www.beatport.com/chart/the-rumors-of-epiphany-chart/323185
FALSE,2014-12-10,Beatport,Agoria,Agoria Hélice Chart Agoria,https://www.beatport.com/chart/agoria-hlice-chart/320624
FALSE,2014-12-10,Beatport,Keinemusik,Within Earshot Of: Keinemusik Pezzner,https://www.beatport.com/chart/within-earshot-of-keinemusik/320615
FALSE,2014-12-08,Beatport,Edu Imbernon,Edu Imbernon On Fayer chart Edu Imbernon,https://www.beatport.com/chart/edu-imbernon-on-fayer-chart/320151
FALSE,2014-12-05,Beatport,Atjazz,Atjazz December Beatport Selection Atjazz December Beatport Selection Atjazz,https://www.beatport.com/chart/atjazz-december-beatport-selection/319474
FALSE,2014-12-05,Beatport,Helmut Dubnitzky,Helmut Dubnitzky - December Charts Helmut Dubnitzky - December Charts Helmut Dubnitzky,https://www.beatport.com/chart/helmut-dubnitzky-december-charts/319507
FALSE,2014-12-04,Beatport,Adam Port,Adam Port's Polish Winter Traxxx Adam Port,https://www.beatport.com/chart/adam-ports-polish-winter-traxxx/319240
FALSE,2014-12-02,Beatport,Fideles,Winter Mood 01 Fideles Chart Fideles,https://www.beatport.com/chart/winter-mood-01-fideles-chart/318646
FALSE,2014-12-02,Beatport,Florian Kruse,Florian Kruse 'December Highlights' Florian Kruse 'December Highlights' Florian Kruse,https://www.beatport.com/chart/florian-kruse-december-highlights/318664
FALSE,2014-12-01,Beatport,Ninetoes,Ninetoes 'Rock This Road' Charts Ninetoes,https://www.beatport.com/chart/ninetoes-rock-this-road-charts/318517
FALSE,2014-11-28,Beatport,Atjazz,Atjazz November Beatport Selection Atjazz November Beatport Selection Atjazz,https://www.beatport.com/chart/atjazz-november-beatport-selection/317765
FALSE,2014-11-27,Beatport,Jimpster,Jimpster Favourites for December 2014 Jimpster Favourites for December 2014 Jimpster,https://www.beatport.com/chart/jimpster-favourites-for-december-2014/317596
FALSE,2014-11-26,Beatport,Los Suruba,"Los Suruba ""Thunderfuck chart"" Los Suruba",https://www.beatport.com/chart/los-suruba-thunderfuck-chart/317480
FALSE,2014-11-26,Traxsource,&ME,&ME's Workparty Five Chart (November 2014),https://www.traxsource.com/title/412564/and-mes-workparty-five-chart-november-2014
FALSE,2014-11-25,Beatport,Maga,MAGA Chart FIGHT CLVB,https://www.beatport.com/chart/maga-chart/317320
FALSE,2014-11-18,Beatport,AFFKT,Autumn trilogy AFFKT,https://www.beatport.com/chart/autumn-trilogy/315692
FALSE,2014-11-18,Beatport,Maga,MAGA CHART 4B,https://www.beatport.com/chart/maga-chart/315806
FALSE,2014-11-17,Beatport,Adam Port,Adam Port's Workparty Five Charts Adam Port,https://www.beatport.com/chart/adam-ports-workparty-five-charts/315294
FALSE,2014-11-17,Beatport,Emanuel Satie,Emanuel Satie - The Point Charts Emanuel Satie,https://www.beatport.com/chart/emanuel-satie-the-point-charts/315314
FALSE,2014-11-17,Beatport,Rampa,Rampa's Workparty Five Charts Rampa,https://www.beatport.com/chart/rampas-workparty-five-charts/315376
FALSE,2014-11-17,Beatport,Stereo MC's,Stereo Mc's Road Rage chart Stereo MC's,https://www.beatport.com/chart/stereo-mcs-road-rage-chart/315447
FALSE,2014-11-11,Beatport,Andre Lodemann,November 2014 Andre Lodemann,https://www.beatport.com/chart/november-2014/314410
FALSE,2014-11-10,Beatport,Maga,MAGA Chart FIGHT CLVB,https://www.beatport.com/chart/maga-chart/314128
FALSE,2014-11-06,Beatport,Kolombo,Kolombo November 2014 chart Kolombo,https://www.beatport.com/chart/kolombo-november-2014-chart/313407
FALSE,2014-11-03,Beatport,AFFKT,Lost in Process chart AFFKT,https://www.beatport.com/chart/lost-in-process-chart/312357
FALSE,2014-11-01,Traxsource,Rampa,Rampa - Rampa Workparty Five Charts on Traxsource,https://www.traxsource.com/title/411634/rampa-workparty-five-charts
FALSE,2014-11-01,Traxsource,Rampa,Rampa Workparty Five Charts (November 2014) on Traxsource,https://www.traxsource.com/title/411497/rampa-workparty-five-charts-november-2014
FALSE,2014-11-01,Traxsource,Rampa,Rampa - V (KM051 Chart) on Traxsource,https://www.traxsource.com/title/1308305/v-km051-chart
FALSE,2014-11-01,Traxsource,Rampa,Rampa - No War Chart on Traxsource,https://www.traxsource.com/title/1197060/no-war-chart
FALSE,2014-10-29,Beatport,Upercent,UPERCENT OCTOBER 2014 CHART Upercent,https://www.beatport.com/chart/upercent-october-2014-chart/311489
FALSE,2014-10-28,Beatport,Richy Ahmed,Richy Ahmed Autumn Chart 2014 Richy Ahmed,https://www.beatport.com/chart/richy-ahmed-autumn-chart-2014/311080
FALSE,2014-10-27,Beatport,Ninetoes,Ninetoes 80% Humidity in November Charts Ninetoes 80% Humidity in November Charts Ninetoes,https://www.beatport.com/chart/ninetoes-80-humidity-in-november-charts/310905
FALSE,2014-10-22,Beatport,Helmut Dubnitzky,Helmut Dubnitzky - Autumn Charts Helmut Dubnitzky,https://www.beatport.com/chart/helmut-dubnitzky-autumn-charts/310103
FALSE,2014-10-20,Beatport,Florian Kruse,Florian Kruse 'Best Of October 2014' Florian Kruse 'Best Of October 2014' Florian Kruse,https://www.beatport.com/chart/florian-kruse-best-of-october-2014/309512
FALSE,2014-10-17,Beatport,AFFKT,Two faces AFFKT,https://www.beatport.com/chart/two-faces/309021
FALSE,2014-10-15,Beatport,Jepe,JEPE Fall selected picks Jepe,https://www.beatport.com/chart/jepe-fall-selected-picks/308693
FALSE,2014-10-13,Beatport,Emanuel Satie,Emanuel Satie - Fall for Fall Charts Emanuel Satie,https://www.beatport.com/chart/emanuel-satie-fall-for-fall-charts/308108
FALSE,2014-10-13,Beatport,Upercent,"Upercent ""Sunshine Chart"" Upercent",https://www.beatport.com/chart/upercent-sunshine-chart/308074
FALSE,2014-10-06,Beatport,Jimpster,Jimpster Chart for October 2014 Jimpster,https://www.beatport.com/chart/jimpster-chart-for-october-2014/306405
FALSE,2014-10-02,Beatport,Fideles,Oktober 2014 by Fideles Fideles,https://www.beatport.com/chart/oktober-2014-by-fideles/305749
FALSE,2014-09-30,Beatport,Argy,The ARGY Remixes! Argy,https://www.beatport.com/chart/the-argy-remixes/305147
FALSE,2014-09-23,Beatport,Joris Voorn,Back into the clubs! Joris Voorn,https://www.beatport.com/chart/back-into-the-clubs/303712
FALSE,2014-09-16,Beatport,Los Suruba,"Los Suruba ""Brutus chart"" Los Suruba",https://www.beatport.com/chart/los-suruba-brutus-chart/302456
FALSE,2014-09-15,Beatport,Bontan,"Bontan's 1, 2, 3... FIRE chart Bontan",https://www.beatport.com/chart/bontans-1-2-3-fire-chart/301991
FALSE,2014-09-14,Beatport,Helmut Dubnitzky,Helmut Dubnitzky - Closing Summer Charts Helmut Dubnitzky - Closing Summer Charts Helmut Dubnitzky,https://www.beatport.com/chart/helmut-dubnitzky-closing-summer-charts/301831
FALSE,2014-09-10,Beatport,Rampa,is ok Rampa,https://www.beatport.com/chart/is-ok/301079
FALSE,2014-09-10,Traxsource,&ME,&ME Down Under Chart (September 2014),https://www.traxsource.com/title/366503/and-me-down-under-chart-september-2014
FALSE,2014-09-08,Beatport,Fideles,"Fideles ""What i show to you"" Fideles",https://www.beatport.com/chart/fideles-what-i-show-to-you/300691
FALSE,2014-09-07,Beatport,Adam Port,Adam Port's Shifter Charts Adam Port,https://www.beatport.com/chart/adam-ports-shifter-charts/300443
FALSE,2014-09-02,Beatport,Emanuel Satie,Emanuel Satie - September Charts Emanuel Satie,https://www.beatport.com/chart/emanuel-satie-september-charts/299349
FALSE,2014-09-01,Beatport,Jonas Rathsman,Jonas Rathsman August Chart Jonas Rathsman,https://www.beatport.com/chart/jonas-rathsman-august-chart/298911
FALSE,2014-09-01,Traxsource,Ninetoes,Ninetoes - Ninetoes' Eivissa Charts on Traxsource,https://www.traxsource.com/title/369160/ninetoes-eivissa-charts
FALSE,2014-08-29,Beatport,Kolombo,Kolombo September 2014 Chart Kolombo,https://www.beatport.com/chart/kolombo-september-2014-chart/298478
FALSE,2014-08-14,Beatport,AFFKT,My Heroes AFFKT,https://www.beatport.com/chart/my-heroes/295524
FALSE,2014-08-14,Beatport,Los Suruba,"Los Suruba ""Verano chart"" Los Suruba",https://www.beatport.com/chart/los-suruba-verano-chart/295574
FALSE,2014-08-14,Beatport,Ninetoes,Ninetoes 'The Dancer' / August Charts Ninetoes 'The Dancer' / August Charts Ninetoes,https://www.beatport.com/chart/ninetoes-the-dancer-august-charts/295655
FALSE,2014-08-13,Beatport,Argy,Argy K August 2014 Argy K,https://www.beatport.com/chart/argy-k-august-2014/295376
FALSE,2014-08-12,Beatport,Bontan,Bontan's Gadgets & Buttons chart Bontan,https://www.beatport.com/chart/bontans-gadgets-buttons-chart/294984
FALSE,2014-08-12,Beatport,Dave DK,Dave DK Dockville August Top 10 Dave DK,https://www.beatport.com/chart/dave-dk-dockville-august-top-10/295120
FALSE,2014-08-07,Traxsource,Ninetoes,Ninetoes' Eivissa Charts on Traxsource,https://www.traxsource.com/title/355769/ninetoes-eivissa-charts
FALSE,2014-08-05,Beatport,Solomun,Lick you very much Ibiza Charts 2014 Lick you very much Ibiza Charts 2014 Solomun,https://www.beatport.com/chart/lick-you-very-much-ibiza-charts-2014/293820
FALSE,2014-08-01,Beatport,Andhim,"andhim ""MELTE"" charts Andhim",https://www.beatport.com/chart/andhim-melte-charts/295775
FALSE,2014-07-30,Beatport,Helmut Dubnitzky,Helmut Dubnitzky - Summer Charts Helmut Dubnitzky,https://www.beatport.com/chart/helmut-dubnitzky-summer-charts/292342
FALSE,2014-07-24,Beatport,Emanuel Satie,Emanuel Satie - Hotter Than July Charts Emanuel Satie - Hotter Than July Charts Emanuel Satie,https://www.beatport.com/chart/emanuel-satie-hotter-than-july-charts/291059
FALSE,2014-07-23,Beatport,AFFKT,Hellraiser is back July 2014 AFFKT,https://www.beatport.com/chart/hellraiser-is-back-july-2014/290762
FALSE,2014-07-23,Beatport,Kolombo,KOLOMBO July 2014 Chart Kolombo,https://www.beatport.com/chart/kolombo-july-2014-chart/290689
FALSE,2014-07-21,Beatport,Jonas Rathsman,Skepparkrans Summer Chart Jonas Rathsman,https://www.beatport.com/chart/skepparkrans-summer-chart/290210
FALSE,2014-07-15,Beatport,Los Suruba,"Los Suruba ""Playa chart"" Los Suruba",https://www.beatport.com/chart/los-suruba-playa-chart/289241
FALSE,2014-07-08,Beatport,Helmut Dubnitzky,Helmut Dubnitzky - July Charts Helmut Dubnitzky,https://www.beatport.com/chart/helmut-dubnitzky-july-charts/287724
FALSE,2014-07-01,Beatport,Adam Port,Adam Port's After Dark Charts Adam Port,https://www.beatport.com/chart/adam-ports-after-dark-charts/286028
FALSE,2014-07-01,Beatport,Andhim,"Andhim ""Captain"" charts Andhim",https://www.beatport.com/chart/andhim-captain-charts/292157
FALSE,2014-06-29,Beatport,Ninetoes,Ninetoes 'Remedios' July Charts '14 Ninetoes,https://www.beatport.com/chart/ninetoes-remedios-july-charts-14/285548
FALSE,2014-06-27,Beatport,Rampa,After Kater Rampa,https://www.beatport.com/chart/after-kater/285206
FALSE,2014-06-26,Beatport,Truncate,Phat Trax Truncate,https://www.beatport.com/chart/phat-trax/284947
FALSE,2014-06-25,Beatport,Butch,Butch in your head Butch,https://www.beatport.com/chart/butch-in-your-head/284744
FALSE,2014-06-25,Traxsource,&ME,&ME's After Dark Traxsource - June 2014,https://www.traxsource.com/title/341368/and-mes-after-dark-traxsource-june-2014
FALSE,2014-06-23,Beatport,Emanuel Satie,Emanuel Satie - 'Some Gold For June' Charts Emanuel Satie - 'Some Gold For June' Charts Emanuel Satie,https://www.beatport.com/chart/emanuel-satie-some-gold-for-june-charts/284238
FALSE,2014-06-20,Beatport,Edu Imbernon,Edu Imbernon Your Rules chart Edu Imbernon,https://www.beatport.com/chart/edu-imbernon-your-rules-chart/283680
FALSE,2014-06-20,Traxsource,Andre Hommen,André Hommen June Top 10 (June 2014),https://www.traxsource.com/title/339525/andre-hommen-june-top-10-june-2014
FALSE,2014-06-17,Beatport,AFFKT,Melotron remix chart AFFKT,https://www.beatport.com/chart/melotron-remix-chart/283054
FALSE,2014-06-16,Beatport,Bontan,Bontan's Reach Out Chart Bontan,https://www.beatport.com/chart/bontans-reach-out-chart/282654
FALSE,2014-06-16,Beatport,Los Suruba,"Los Suruba ""June chart"" Los Suruba",https://www.beatport.com/chart/los-suruba-june-chart/282808
FALSE,2014-06-05,Beatport,AFFKT,Sincopat Kingdom June 2014 AFFKT,https://www.beatport.com/chart/sincopat-kingdom-june-2014/280633
FALSE,2014-06-05,Beatport,Kolombo,Kolombo June 2014 Chart Kolombo,https://www.beatport.com/chart/kolombo-june-2014-chart/280589
FALSE,2014-06-04,Beatport,Helmut Dubnitzky,June Charts Helmut Dubnitzky,https://www.beatport.com/chart/june-charts/280399
FALSE,2014-06-04,Traxsource,DJ Pierre,Top 10 - June 2014,https://www.traxsource.com/title/333789/top-10-june-2014
FALSE,2014-06-03,Beatport,Tiefschwarz,tiefschwarz - its getting hotter charts 6/14 tiefschwarz - its getting hotter charts 6/14 Tiefschwarz,https://www.beatport.com/chart/tiefschwarz-its-getting-hotter-charts-614/280167
FALSE,2014-06-02,Beatport,VONDA7,Spring into Summer chart VONDA7,https://www.beatport.com/chart/spring-into-summer-chart/279608
FALSE,2014-06-01,Traxsource,Andre Hommen,Andre Hommen - Andre Hommen - These Eyes Chart on Traxsource,https://www.traxsource.com/title/767434/andre-hommen-these-eyes-chart
FALSE,2014-06-01,Traxsource,Manuel Tur,Manuel Tur - Organic Reach Chart on Traxsource,https://www.traxsource.com/title/1134197/organic-reach-chart
FALSE,2014-06-01,Traxsource,Steve Bug,Steve Bug - Steve Bug's Pelican Glide Chart on Traxsource,https://www.traxsource.com/title/336667/steve-bugs-pelican-glide-chart
FALSE,2014-05-31,Beatport,Booka Shade,"Booka Shade ""Love Drug"" Chart Booka Shade",https://www.beatport.com/chart/booka-shade-love-drug-chart/279220
FALSE,2014-05-25,Beatport,Los Suruba,"Los Suruba ""Fine chart"" Los Suruba",https://www.beatport.com/chart/los-suruba-fine-chart/277977
FALSE,2014-05-19,Beatport,Steve Bug,Steve Bug's Supertasty Maibowle Steve Bug,https://www.beatport.com/chart/steve-bugs-supertasty-maibowle/276584
FALSE,2014-05-12,Beatport,Ninetoes,Ninetoes 'ON DEMAND' Charts Ninetoes,https://www.beatport.com/chart/ninetoes-on-demand-charts/275136
FALSE,2014-05-12,Beatport,VONDA7,Hypnotic beats VONDA7,https://www.beatport.com/chart/hypnotic-beats/274953
FALSE,2014-05-08,Beatport,Solomun,Music is Moments Charts May 2014 Music is Moments Charts May 2014 Solomun,https://www.beatport.com/chart/music-is-moments-charts-may-2014/274461
FALSE,2014-05-07,Beatport,Fideles,"Fideles May 14"" Chart Fideles",https://www.beatport.com/chart/fideles-may-14-chart/274031
FALSE,2014-05-07,Beatport,Re.you,DON'T STARE by RE.YOU Re.you,https://www.beatport.com/chart/dont-stare-by-reyou/274081
FALSE,2014-05-05,Beatport,Los Suruba,"Los Suruba ""South America chart"" Los Suruba",https://www.beatport.com/chart/los-suruba-south-america-chart/273468
FALSE,2014-05-05,Beatport,Terranova,Terranova May Charts Terranova,https://www.beatport.com/chart/terranova-may-charts/273393
FALSE,2014-05-02,Beatport,Dennis Ferrer,Dennis Ferrer - May 2014 Dennis Ferrer,https://www.beatport.com/chart/dennis-ferrer-may-2014/272867
FALSE,2014-05-01,Beatport,Ninetoes,Ninetoes 'Tanz durch den Mai' Charts Ninetoes 'Tanz durch den Mai' Charts Ninetoes,https://www.beatport.com/chart/ninetoes-tanz-durch-den-mai-charts/272624
FALSE,2014-05-01,Traxsource,Echonomist,Echonomist Running in Circles Traxsource Chart (May 2014),https://www.traxsource.com/title/332599/echonomist-running-in-circles-traxsource-chart-may-2014
FALSE,2014-04-30,Beatport,Helmut Dubnitzky,Helmut Dubnitzky - Spring Charts Helmut Dubnitzky,https://www.beatport.com/chart/helmut-dubnitzky-spring-charts/272430
FALSE,2014-04-28,Beatport,Edu Imbernon,Edu Imbernon Dalt chart Edu Imbernon,https://www.beatport.com/chart/edu-imbernon-dalt-chart/271909
FALSE,2014-04-28,Beatport,Emanuel Satie,Emanuel Satie's 10 For The D-Floor Charts Emanuel Satie's 10 For The D-Floor Charts Emanuel Satie,https://www.beatport.com/chart/emanuel-saties-10-for-the-dfloor-charts/271716
FALSE,2014-04-28,Beatport,Rodriguez Jr.,Rodriguez Jr. April 2014 Picks Rodriguez Jr.,https://www.beatport.com/chart/rodriguez-jr-april-2014-picks/271661
FALSE,2014-04-25,Beatport,Joris Voorn,Dark Science is Back! Joris Voorn,https://www.beatport.com/chart/dark-science-is-back/271199
FALSE,2014-04-23,Beatport,Florian Kruse,Florian Kruse '8oom 8oom' charts Florian Kruse,https://www.beatport.com/chart/florian-kruse-8oom-8oom-charts/270665
FALSE,2014-04-22,Beatport,Davide Squillace,"DAVIDE SQUILLACE ""LA ONDASA"" Chart DAVIDE SQUILLACE ""LA ONDASA"" Chart Davide Squillace",https://www.beatport.com/chart/davide-squillace-la-ondasa-chart/270448
FALSE,2014-04-15,Beatport,Maceo Plex,Maceo Plex Loves Coachella Chart. Maceo Plex,https://www.beatport.com/chart/maceo-plex-loves-coachella-chart/269134
FALSE,2014-04-13,Beatport,Los Suruba,"Los Suruba ""Mauritius chart"" Los Suruba",https://www.beatport.com/chart/los-suruba-mauritius-chart/268498
FALSE,2014-04-09,Beatport,Rampa,Rampa Keep Charts Rampa,https://www.beatport.com/chart/rampa-keep-charts/267808
FALSE,2014-04-08,Beatport,Jonas Rathsman,Jonas Rathsman 'Hope I'm Wrong' Chart Jonas Rathsman 'Hope I'm Wrong' Chart Jonas Rathsman,https://www.beatport.com/chart/jonas-rathsman-hope-im-wrong-chart/267444
FALSE,2014-04-03,Beatport,Adam Port,Adam Port's XXX Charts Adam Port,https://www.beatport.com/chart/adam-ports-xxx-charts/266410
FALSE,2014-04-02,Beatport,Kreature,Kreature - April Fool's Tool's Kreature,https://www.beatport.com/chart/kreature-april-fools-tools/266196
FALSE,2014-04-01,Beatport,Fideles,Fideles A Side Chart 14' Fideles,https://www.beatport.com/chart/fideles-a-side-chart-14/265677
FALSE,2014-04-01,Beatport,Roman Flügel,Roman Flügel April 2014 Roman Flügel,https://www.beatport.com/chart/roman-flgel-april-2014/265643
FALSE,2014-04-01,Beatport,Terranova,Terranova Tourette Charts Terranova,https://www.beatport.com/chart/terranova-tourette-charts/265672
FALSE,2014-04-01,Traxsource,&ME,&ME - &ME's Spring At Traxsource Chart on Traxsource,https://www.traxsource.com/title/317231/and-mes-spring-at-traxsource-chart
FALSE,2014-03-31,Beatport,Dennis Ferrer,"VOLKODER ""DENNIS FERRER - P 2 DA J"" REMIX VOLKODER ""DENNIS FERRER - P 2 DA J"" REMIX Volkoder",https://www.beatport.com/chart/volkoder-dennis-ferrer-p-2-da-j-remix/265514
FALSE,2014-03-31,Beatport,Emanuel Satie,Emanuel Satie's I Can Smell Spring Charts Emanuel Satie's I Can Smell Spring Charts Emanuel Satie,https://www.beatport.com/chart/emanuel-saties-i-can-smell-spring-charts/265307
FALSE,2014-03-31,Beatport,Ninetoes,Ninetoes 'ESCAPE' Charts / April '14 Ninetoes,https://www.beatport.com/chart/ninetoes-escape-charts-april-14/265557
FALSE,2014-03-30,Beatport,Helmut Dubnitzky,Helmut Dubnitzky - The Lion Charts Helmut Dubnitzky,https://www.beatport.com/chart/helmut-dubnitzky-the-lion-charts/265073
FALSE,2014-03-27,Traxsource,Jimpster,Jimpster's April Fools on Traxsource,https://www.traxsource.com/title/311496/jimpsters-april-fools
FALSE,2014-03-24,Beatport,Edu Imbernon,Edu Imbernon spring chart Edu Imbernon,https://www.beatport.com/chart/edu-imbernon-spring-chart/263696
FALSE,2014-03-21,Beatport,Butch,BUTCH 's MARCH 2014 TOP 10 Butch,https://www.beatport.com/chart/butch-s-march-2014-top-10/263094
FALSE,2014-03-18,Beatport,Fideles,Fideles March 14 Fideles,https://www.beatport.com/chart/fideles-march-14/262073
FALSE,2014-03-18,Beatport,Kolombo,Kolombo March 2K14 Chart Kolombo,https://www.beatport.com/chart/kolombo-march-2k14-chart/262150
FALSE,2014-03-18,Traxsource,Angelos,DJ ANGELO TRAXSOURCE CHART WMC 2014,https://www.traxsource.com/title/308248/dj-angelo-traxsource-chart-wmc-2014
FALSE,2014-03-17,Beatport,Adam Port,Adam Port's L Square Charts Adam Port,https://www.beatport.com/chart/adam-ports-l-square-charts/261707
FALSE,2014-03-17,Beatport,Bontan,Move On Out Bontan,https://www.beatport.com/chart/move-on-out/261973
FALSE,2014-03-14,Beatport,AFFKT,AFFKT We are not safe chart AFFKT,https://www.beatport.com/chart/affkt-we-are-not-safe-chart/261267
FALSE,2014-03-11,Traxsource,Atjazz,"Atjazz March Selection, Something a little different! - Traxsource",https://www.traxsource.com/title/301173/atjazz-march-selection-something-a-little-different
FALSE,2014-03-07,Beatport,Booka Shade,Booka Shade's Crossing Borders Chart Booka Shade's Crossing Borders Chart Booka Shade,https://www.beatport.com/chart/booka-shades-crossing-borders-chart/259475
FALSE,2014-03-03,Beatport,Helmut Dubnitzky,March Charts 2014 Helmut Dubnitzky,https://www.beatport.com/chart/march-charts-2014/258301
FALSE,2014-03-01,Beatport,Los Suruba,"Los Suruba ""5 Years of Suruba X chart"" Los Suruba ""5 Years of Suruba X chart"" Los Suruba",https://www.beatport.com/chart/los-suruba-5-years-of-suruba-x-chart/257706
FALSE,2014-02-26,Beatport,Richy Ahmed,Richy Ahmed February Chart Richy Ahmed,https://www.beatport.com/chart/richy-ahmed-february-chart/256815
FALSE,2014-02-25,Beatport,Rampa,Hool Charts 2014 Rampa,https://www.beatport.com/chart/hool-charts-2014/256747
FALSE,2014-02-22,Beatport,Emanuel Satie,Emanuel Satie's February Favorites Emanuel Satie,https://www.beatport.com/chart/emanuel-saties-february-favorites/255794
FALSE,2014-02-12,Beatport,Andre Lodemann,February 2014 Andre Lodemann,https://www.beatport.com/chart/february-2014/253390
FALSE,2014-02-12,Traxsource,Andre Lodemann,Andre Lodemann February 2014,https://www.traxsource.com/title/291001/andre-lodemann-february-2014
FALSE,2014-02-10,Beatport,Jimpster,Jimpster Chart for February 2014 Jimpster,https://www.beatport.com/chart/jimpster-chart-for-february-2014/252602
FALSE,2014-02-10,Beatport,Ninetoes,Ninetoes 'Species' March Charts '14 Ninetoes 'Species' March Charts '14 Ninetoes,https://www.beatport.com/chart/ninetoes-species-march-charts-14/252805
FALSE,2014-02-05,Traxsource,Adam Port,Adam Port's First Traxsource Charts (February 2014),https://www.traxsource.com/title/288906/adam-ports-first-traxsource-charts-february-2014
FALSE,2014-02-04,Beatport,Terranova,Terranova February Terranova,https://www.beatport.com/chart/terranova-february/251281
FALSE,2014-01-29,Traxsource,Jimpster,Jimpster's February Favourites on Traxsource,https://www.traxsource.com/title/286395/jimpsters-february-favourites
FALSE,2014-01-27,Beatport,Edu Imbernon,Edu Imbernon Talgo chart Edu Imbernon,https://www.beatport.com/chart/edu-imbernon-talgo-chart/248822
FALSE,2014-01-24,Beatport,Kolombo,Kolombo January chart Kolombo,https://www.beatport.com/chart/kolombo-january-chart/248465
FALSE,2014-01-18,Beatport,Helmut Dubnitzky,January Charts Helmut Dubnitzky,https://www.beatport.com/chart/january-charts/247035
FALSE,2014-01-16,Beatport,Los Suruba,Los Suruba Talgo chart Los Suruba,https://www.beatport.com/chart/los-suruba-talgo-chart/246706
FALSE,2014-01-02,Beatport,HNQO,Flying Practice by HNQO HNQO,https://www.beatport.com/chart/flying-practice-by-hnqo/243488
FALSE,2014-01-01,Traxsource,Adam Port,Adam Port - Adam Port's Japan 2014 Charts (September) on ...,https://www.traxsource.com/title/365087/adam-ports-japan-2014-charts-september
FALSE,2014-01-01,Traxsource,Adam Port,Adam Port - Adam Port's Workparty Five Traxsource Chart ...,https://www.traxsource.com/title/411349/adam-ports-workparty-five-traxsource-chart-november-2014
FALSE,2014-01-01,Traxsource,Nick Curly,Nick Curly - Nick Curly - January 2014 Top 10 on Traxsource,https://www.traxsource.com/title/285989/nick-curly-january-2014-top-10
FALSE,2013-12-24,Beatport,AFFKT,AFFKT VOMVO chart december 2013 AFFKT VOMVO chart december 2013 AFFKT,https://www.beatport.com/chart/affkt-vomvo-chart-december-2013/241223
FALSE,2013-12-23,Beatport,Helmut Dubnitzky,Helmut Dubnitzky - End Of The Year Brise C. Helmut Dubnitzky - End Of The Year Brise C. Helmut Dubnitzky,https://www.beatport.com/chart/helmut-dubnitzky-end-of-the-year-brise-c/240784
FALSE,2013-12-23,Beatport,Los Suruba,Los Suruba Xmas chart Los Suruba,https://www.beatport.com/chart/los-suruba-xmas-chart/240832
FALSE,2013-12-20,Beatport,Truncate,Top Truncate Tunes of 2013 Truncate,https://www.beatport.com/chart/top-truncate-tunes-of-2013/240261
FALSE,2013-12-19,Beatport,Edu Imbernon,Edu Imbernon Winter Chart Edu Imbernon,https://www.beatport.com/chart/edu-imbernon-winter-chart/239831
FALSE,2013-12-19,Beatport,Joris Voorn,Find The Deep Joris Voorn,https://www.beatport.com/chart/find-the-deep/239851
FALSE,2013-12-16,Beatport,Richy Ahmed,Richy Ahmed's December 2013 Jams Richy Ahmed's December 2013 Jams Richy Ahmed,https://www.beatport.com/chart/richy-ahmeds-december-2013-jams/238779
FALSE,2013-12-12,Beatport,Kolombo,KOLOMBO December 2013 chart Kolombo,https://www.beatport.com/chart/kolombo-december-2013-chart/238029
FALSE,2013-12-09,Beatport,Ninetoes,Ninetoes - Best of 2013 Charts Ninetoes,https://www.beatport.com/chart/ninetoes-best-of-2013-charts/237230
FALSE,2013-12-09,Traxsource,Andre Lodemann,Andre Lodemann Dec 2013 Charts,https://www.traxsource.com/title/271532/andre-lodemann-dec-2013-charts
FALSE,2013-12-06,Traxsource,Angelos,DJ ANGELO TRAXSOURCE CHART DECEMBER 2013,https://www.traxsource.com/title/270984/dj-angelo-traxsource-chart-december-2013
FALSE,2013-12-05,Beatport,Nick Curly,Nick Curly - multiply - charts Nick Curly,https://www.beatport.com/chart/nick-curly-multiply-charts/236123
FALSE,2013-12-04,Beatport,AFFKT,No way back December 2013 AFFKT,https://www.beatport.com/chart/no-way-back-december-2013/235943
FALSE,2013-12-03,Beatport,Jimpster,Jimpster Chart for December 2013 Jimpster,https://www.beatport.com/chart/jimpster-chart-for-december-2013/235412
FALSE,2013-12-02,Beatport,Helmut Dubnitzky,December Charts Helmut Dubnitzky,https://www.beatport.com/chart/december-charts/235105
FALSE,2013-11-26,Beatport,Rampa,Workparty Four Charts Rampa,https://www.beatport.com/chart/workparty-four-charts/233449
FALSE,2013-11-21,Beatport,Emanuel Satie,Emanuel Satie's Time Has Changed Chart Emanuel Satie's Time Has Changed Chart Emanuel Satie,https://www.beatport.com/chart/emanuel-saties-time-has-changed-chart/232365
FALSE,2013-11-08,Beatport,Steve Bug,Steve Bug - Trees Without Leaves Steve Bug,https://www.beatport.com/chart/steve-bug-trees-without-leaves/229084
FALSE,2013-11-06,Beatport,Jonas Rathsman,'Feel What I Feel' Chart Jonas Rathsman,https://www.beatport.com/chart/feel-what-i-feel-chart/228619
FALSE,2013-11-02,Beatport,Los Suruba,"Los Suruba ""Oscuridad chart"" Los Suruba",https://www.beatport.com/chart/los-suruba-oscuridad-chart/227511
FALSE,2013-10-21,Beatport,Edu Imbernon,Edu Imbernon Autumn charts Edu Imbernon,https://www.beatport.com/chart/edu-imbernon-autumn-charts/224228
FALSE,2013-10-21,Beatport,Solomun,October 2013 Charts Solomun,https://www.beatport.com/chart/october-2013-charts/224407
FALSE,2013-10-17,Traxsource,Angelos,DJ ANGELO TRAXSOURCE CHART OCTOBER 2013,https://www.traxsource.com/title/254256/dj-angelo-traxsource-chart-october-2013
FALSE,2013-10-16,Traxsource,Toto Chiavetta,Toto Chiavetta Traxsource Ade 2013,https://www.traxsource.com/title/254158/toto-chiavetta-traxsource-ade-2013
FALSE,2013-10-14,Beatport,Florian Kruse,Florian Kruse's ADE charts 2013 Florian Kruse,https://www.beatport.com/chart/florian-kruses-ade-charts-2013/222570
FALSE,2013-10-02,Beatport,Agoria,Agoria October Chart Agoria,https://www.beatport.com/chart/agoria-october-chart/219473
FALSE,2013-10-01,Beatport,AFFKT,AFFKT Back to the Boutique chart AFFKT,https://www.beatport.com/chart/affkt-back-to-the-boutique-chart/219088
FALSE,2013-10-01,Beatport,Argy,Argy K October Charts Argy K,https://www.beatport.com/chart/argy-k-october-charts/219083
FALSE,2013-10-01,Beatport,Kolombo,Kolombo October 2013 Chart Kolombo,https://www.beatport.com/chart/kolombo-october-2013-chart/219201
FALSE,2013-10-01,Beatport,Rodriguez Jr.,Rodriguez Jr. - Fall 2013 Picks Rodriguez Jr.,https://www.beatport.com/chart/rodriguez-jr-fall-2013-picks/219272
FALSE,2013-10-01,Traxsource,Deetron,Deetron - Deetron: Moby Remix Chart on Traxsource,https://www.traxsource.com/title/2207192/deetron-moby-remix-chart
FALSE,2013-10-01,Traxsource,Deetron,Deetron - Deetron Oct 2013 Top 10 Chart on Traxsource,https://www.traxsource.com/title/254482/deetron-oct-2013-top-10-chart
FALSE,2013-10-01,Traxsource,Deetron,Deetron - Runnin' Chart Deetron on Traxsource,https://www.traxsource.com/title/2172669/runnin-chart-deetron
FALSE,2013-09-24,Beatport,Los Suruba,"Los Suruba ""End of the summer chart"" Los Suruba ""End of the summer chart"" Los Suruba",https://www.beatport.com/chart/los-suruba-end-of-the-summer-chart/217515
FALSE,2013-09-23,Beatport,Andre Lodemann,Andre Lodemann September 2013 Chart Andre Lodemann September 2013 Chart Andre Lodemann,https://www.beatport.com/chart/andre-lodemann-september-2013-chart/217130
FALSE,2013-09-23,Traxsource,Andre Lodemann,Andre Lodemann September 2013 Charts,https://www.traxsource.com/title/247937/andre-lodemann-september-2013-charts
FALSE,2013-09-19,Beatport,Helmut Dubnitzky,September Charts 2013 Helmut Dubnitzky,https://www.beatport.com/chart/september-charts-2013/216509
FALSE,2013-09-13,Beatport,Sante,Sante Sansone HIPHOUSE selection Sante Sansone HIPHOUSE selection Sante Sansone,https://www.beatport.com/chart/sante-sansone-hiphouse-selection/215218
FALSE,2013-09-10,Beatport,Nick Curly,Nick Curly - Cocoon 100 charts Nick Curly,https://www.beatport.com/chart/nick-curly-cocoon-100-charts/214474
FALSE,2013-09-10,Traxsource,Angelos,DJ ANGELO TRAXSOURCE CHART SEPTEMBER 2013,https://www.traxsource.com/title/245291/dj-angelo-traxsource-chart-september-2013
FALSE,2013-09-05,Beatport,Mano Le Tough,Mano Le Tough - Everything is Primative Mano Le Tough - Everything is Primative Mano Le Tough,https://www.beatport.com/chart/mano-le-tough-everything-is-primative/213169
FALSE,2013-09-03,Beatport,Adam Port,Adam Port's Shallow Charts 2013 Adam Port,https://www.beatport.com/chart/adam-ports-shallow-charts-2013/212459
FALSE,2013-08-31,Beatport,Dennis Ferrer,Dennis Ferrer - September 2013 Dennis Ferrer,https://www.beatport.com/chart/dennis-ferrer-september-2013/211505
FALSE,2013-08-28,Beatport,Joris Voorn,Ringo Joris Voorn,https://www.beatport.com/chart/ringo/210819
FALSE,2013-08-27,Beatport,Emanuel Satie,Emanuel Satie Sweet Love Charts Emanuel Satie,https://www.beatport.com/chart/emanuel-satie-sweet-love-charts/210674
FALSE,2013-08-27,Beatport,Los Suruba,"Los Suruba ""Ratapiel"" chart Los Suruba",https://www.beatport.com/chart/los-suruba-ratapiel-chart/210595
FALSE,2013-08-26,Beatport,Argy,Argy K August Charts Argy K,https://www.beatport.com/chart/argy-k-august-charts/210262
FALSE,2013-08-25,Beatport,Sante,Sante Sansone Top Beatport Aug.2013 Sante Sansone Top Beatport Aug.2013 Sante Sansone,https://www.beatport.com/chart/sante-sansone-top-beatport-aug2013/210162
FALSE,2013-08-20,Beatport,Kolombo,Kolombo Summer Chart 2013 Kolombo,https://www.beatport.com/chart/kolombo-summer-chart-2013/209176
FALSE,2013-08-16,Beatport,Keinemusik,KEINEMUSIK DELAY CHARTS 2013 Rampa,https://www.beatport.com/chart/keinemusik-delay-charts-2013/208180
FALSE,2013-08-14,Beatport,Helmut Dubnitzky,Summer Charts 2013 Helmut Dubnitzky,https://www.beatport.com/chart/summer-charts-2013/207883
FALSE,2013-08-13,Beatport,AFFKT,AFFKT Hot Hot Hot Chart August 2013 AFFKT Hot Hot Hot Chart August 2013 AFFKT,https://www.beatport.com/chart/affkt-hot-hot-hot-chart-august-2013/207569
FALSE,2013-08-09,Beatport,Adam Port,Adam Port's Confidence Charts 2013 Adam Port's Confidence Charts 2013 Adam Port,https://www.beatport.com/chart/adam-ports-confidence-charts-2013/206448
FALSE,2013-08-07,Beatport,Steve Bug,Steve Bug - The Beauty And The Beast Chart Steve Bug - The Beauty And The Beast Chart Steve Bug,https://www.beatport.com/chart/steve-bug-the-beauty-and-the-beast-chart/205965
FALSE,2013-08-05,Beatport,Betoko,Betoko Song of Life Chart Betoko,https://www.beatport.com/chart/betoko-song-of-life-chart/205268
FALSE,2013-08-05,Beatport,Edu Imbernon,Edu Imbernon summer madness chart Edu Imbernon summer madness chart Edu Imbernon,https://www.beatport.com/chart/edu-imbernon-summer-madness-chart/205291
FALSE,2013-08-05,Traxsource,Andre Lodemann,Andre Lodemann August 2013 Charts,https://www.traxsource.com/title/238258/andre-lodemann-august-2013-charts
FALSE,2013-08-04,Beatport,Los Suruba,Los Suruba summer chart Los Suruba,https://www.beatport.com/chart/los-suruba-summer-chart/205102
FALSE,2013-08-01,Beatport,Andre Lodemann,July 2013 Andre Lodemann,https://www.beatport.com/chart/july-2013/204280
FALSE,2013-07-20,Beatport,AFFKT,AFFKT Sincopat love July 2013 AFFKT,https://www.beatport.com/chart/affkt-sincopat-love-july-2013/200761
FALSE,2013-07-17,Beatport,Fideles,"July ""13 Sankeys Charts By Fideles Fideles",https://www.beatport.com/chart/july-13-sankeys-charts-by-fideles/198793
FALSE,2013-07-14,Beatport,Argy,Argy k July Chart Argy K,https://www.beatport.com/chart/argy-k-july-chart/196480
FALSE,2013-07-11,Beatport,Emanuel Satie,Emanuel Satie Memory Charts Emanuel Satie,https://www.beatport.com/chart/emanuel-satie-memory-charts/195766
FALSE,2013-07-10,Beatport,Nick Curly,"Nick Curly - ""time will tell "" charts Nick Curly",https://www.beatport.com/chart/nick-curly-time-will-tell-charts/195507
FALSE,2013-07-04,Beatport,Solomun,Ultimate Festival Chart Solomun,https://www.beatport.com/chart/ultimate-festival-chart/194250
FALSE,2013-07-03,Beatport,Edu Imbernon,Edu Imbernon Summer Chart Edu Imbernon,https://www.beatport.com/chart/edu-imbernon-summer-chart/193686
FALSE,2013-07-01,Beatport,Terranova,Terranova Prism Chart Terranova,https://www.beatport.com/chart/terranova-prism-chart/192929
FALSE,2013-06-27,Beatport,Rampa,straight from the awakenings chairoplane straight from the awakenings chairoplane Rampa,https://www.beatport.com/chart/straight-from-the-awakenings-chairoplane/192189
FALSE,2013-06-25,Beatport,Steve Bug,Steve Bug's Beatpotbourri Steve Bug,https://www.beatport.com/chart/steve-bugs-beatpotbourri/191411
FALSE,2013-06-18,Beatport,Truncate,Just in time for summer Truncate,https://www.beatport.com/chart/just-in-time-for-summer/189866
FALSE,2013-06-03,Beatport,Terranova,Terranova endless summer charts Terranova,https://www.beatport.com/chart/terranova-endless-summer-charts/185667
FALSE,2013-06-01,Beatport,Adam Port,"Adam Port's ""Summer 2013"" Charts Adam Port's ""Summer 2013"" Charts Adam Port",https://www.beatport.com/chart/adam-ports-summer-2013-charts/190776
FALSE,2013-05-25,Beatport,Rampa,Rampa back from hunting charts Rampa,https://www.beatport.com/chart/rampa-back-from-hunting-charts/183406
FALSE,2013-05-23,Beatport,Kolombo,KOLOMBO MAY chart Kolombo,https://www.beatport.com/chart/kolombo-may-chart/182833
FALSE,2013-05-21,Beatport,Los Suruba,"Los Suruba ""6 Years of Suruba"" chart Los Suruba ""6 Years of Suruba"" chart Los Suruba",https://www.beatport.com/chart/los-suruba-6-years-of-suruba-chart/182418
FALSE,2013-05-17,Beatport,Terranova,Terranova Painkiller Charts Terranova,https://www.beatport.com/chart/terranova-painkiller-charts/181453
FALSE,2013-05-12,Beatport,Argy,Argy k May Chart Argy K,https://www.beatport.com/chart/argy-k-may-chart/179940
FALSE,2013-05-07,Beatport,Jimpster,Jimpster Chart for May 2013 Jimpster,https://www.beatport.com/chart/jimpster-chart-for-may-2013/178744
FALSE,2013-05-06,Beatport,Emanuel Satie,Emanuel Satie's Make It Work Chart Emanuel Satie's Make It Work Chart Emanuel Satie,https://www.beatport.com/chart/emanuel-saties-make-it-work-chart/178264
FALSE,2013-05-02,Beatport,Edu Imbernon,Edu Imbernon loves Fayer chart Edu Imbernon,https://www.beatport.com/chart/edu-imbernon-loves-fayer-chart/176924
FALSE,2013-05-01,Beatport,Los Suruba,"Los Suruba ""Fayer"" chart Los Suruba",https://www.beatport.com/chart/los-suruba-fayer-chart/176704
FALSE,2013-05-01,Beatport,Adam Port,"Adam Port's ""Our Fate"" Charts Adam Port",https://www.beatport.com/chart/adam-ports-our-fate-charts/182256
FALSE,2013-04-17,Beatport,AFFKT,Los Goonies Chart AFFKT,https://www.beatport.com/chart/los-goonies-chart/172794
FALSE,2013-04-12,Beatport,Agoria,Agoria Time Warp chart Agoria,https://www.beatport.com/chart/agoria-time-warp-chart/171521
FALSE,2013-04-09,Beatport,Adam Port,Adam Port's Black Noise Charts Adam Port,https://www.beatport.com/chart/adam-ports-black-noise-charts/170484
FALSE,2013-04-04,Beatport,Steve Bug,Light In Sight Chart by Steve Bug Steve Bug,https://www.beatport.com/chart/light-in-sight-chart-by-steve-bug/168993
FALSE,2013-04-03,Beatport,Aaaron,March Charts by Aaaron Aaaron,https://www.beatport.com/chart/march-charts-by-aaaron/168842
FALSE,2013-04-03,Beatport,Edu Imbernon,Edu Imbernon Spring Chart Edu Imbernon,https://www.beatport.com/chart/edu-imbernon-spring-chart/168602
FALSE,2013-03-25,Beatport,Subb-an,Subb-an's Miami Trax Subb-an,https://www.beatport.com/chart/subbans-miami-trax/165960
FALSE,2013-03-21,Beatport,Joris Voorn,Can't wait for spring... Joris Voorn,https://www.beatport.com/chart/cant-wait-for-spring/164900
FALSE,2013-03-19,Beatport,DJ Pierre,Supa DJ Seleckta!!! DJ Pierre,https://www.beatport.com/chart/supa-dj-seleckta/164351
FALSE,2013-03-17,Beatport,Truncate,Spring Break Tunage Truncate,https://www.beatport.com/chart/spring-break-tunage/163602
FALSE,2013-03-15,Beatport,Tiefschwarz,Tiefschwarz´s march charts Tiefschwarz,https://www.beatport.com/chart/tiefschwarzs-march-charts/163104
FALSE,2013-03-14,Beatport,Rodriguez Jr.,Rodriguez Jr. - Henry & Lars' Picks Rodriguez Jr.,https://www.beatport.com/chart/rodriguez-jr-henry-lars-picks/162923
FALSE,2013-03-11,Beatport,Upercent,March Chart '13 Upercent,https://www.beatport.com/chart/march-chart-13/161473
FALSE,2013-03-05,Traxsource,Andre Lodemann,Andre Lodemann March 2013 Chart,https://www.traxsource.com/title/208229/andre-lodemann-march-2013-chart
FALSE,2013-03-04,Beatport,Andre Lodemann,March 2013 Andre Lodemann,https://www.beatport.com/chart/march-2013/158998
FALSE,2013-03-04,Beatport,Dave DK,Dave DK viva Costa Rica top 10 Dave DK,https://www.beatport.com/chart/dave-dk-viva-costa-rica-top-10/158931
FALSE,2013-03-02,Beatport,Los Suruba,"Los Suruba ""Eivissa chart"" Los Suruba",https://www.beatport.com/chart/los-suruba-eivissa-chart/158306
FALSE,2013-03-01,Beatport,Adam Port,"Adam Port's ""The Next Day"" Charts Adam Port",https://www.beatport.com/chart/adam-ports-the-next-day-charts/161427
FALSE,2013-02-26,Beatport,Emanuel Satie,Emanuel Satie's The Funky Gato Charts Emanuel Satie's The Funky Gato Charts Emanuel Satie,https://www.beatport.com/chart/emanuel-saties-the-funky-gato-charts/156544
FALSE,2013-02-25,Beatport,Butch,Butch Hot Quest Stuff Butch,https://www.beatport.com/chart/butch-hot-quest-stuff/156040
FALSE,2013-02-25,Beatport,Clarian,Ryan Crosson's Chemical Clarian Chart Ryan Crosson,https://www.beatport.com/chart/ryan-crossons-chemical-clarian-chart/155977
FALSE,2013-02-23,Beatport,Kolombo,Kolombo February chart 2013 Kolombo,https://www.beatport.com/chart/kolombo-february-chart-2013/155578
FALSE,2013-02-19,Beatport,Adam Port,Adam Port's Enemy Charts Adam Port,https://www.beatport.com/chart/adam-ports-enemy-charts/153982
FALSE,2013-02-19,Beatport,Steve Bug,Funny February chart by Steve Bug Steve Bug,https://www.beatport.com/chart/funny-february-chart-by-steve-bug/154022
FALSE,2013-02-17,Beatport,Solomun,2004 - 2013: Every Year One Track Solomun,https://www.beatport.com/chart/2004-2013-every-year-one-track/153301
FALSE,2013-02-14,Beatport,Emanuel Satie,Emanuel Satie February Charts Emanuel Satie,https://www.beatport.com/chart/emanuel-satie-february-charts/152468
FALSE,2013-02-14,Beatport,Keinemusik,Rampa Keinemusik Squirt 2013 Rampa,https://www.beatport.com/chart/rampa-keinemusik-squirt-2013/152369
FALSE,2013-02-13,Beatport,Terranova,Terranova Valentine Chart Terranova,https://www.beatport.com/chart/terranova-valentine-chart/152077
FALSE,2013-02-11,Beatport,Argy,Argy k Feb Charts Argy K,https://www.beatport.com/chart/argy-k-feb-charts/151239
FALSE,2013-02-01,Traxsource,Steve Bug,Steve Bug - Funny February chart by Steve Bug on Traxsource,https://www.traxsource.com/title/206892/funny-february-chart-by-steve-bug
FALSE,2013-01-22,Traxsource,Andre Lodemann,Andre Lodemann January Top 10,https://www.traxsource.com/title/200437/andre-lodemann-january-top-10
FALSE,2013-01-21,Beatport,Andre Lodemann,January 2013 Andre Lodemann,https://www.beatport.com/chart/january-2013/146005
FALSE,2013-01-16,Beatport,Truncate,New Year Jams Truncate,https://www.beatport.com/chart/new-year-jams/144862
FALSE,2013-01-15,Beatport,Emanuel Satie,emanuel satie january charts Emanuel Satie,https://www.beatport.com/chart/emanuel-satie-january-charts/144639
FALSE,2013-01-14,Beatport,AFFKT,AFFKT Lights & Shadows chart AFFKT,https://www.beatport.com/chart/affkt-lights-shadows-chart/144188
FALSE,2013-01-03,Beatport,Fideles,January wow Chart Fideles,https://www.beatport.com/chart/january-wow-chart/141879
FALSE,2013-01-03,Beatport,Los Suruba,Los Suruba new year chart Los Suruba,https://www.beatport.com/chart/los-suruba-new-year-chart/141936
FALSE,2012-12-27,Beatport,AFFKT,AFFKT December 2013 AFFKT,https://www.beatport.com/chart/affkt-december-2013/140404
FALSE,2012-12-24,Beatport,Argy,Argy k Christmas 2012 Chart Argy K,https://www.beatport.com/chart/argy-k-christmas-2012-chart/139758
FALSE,2012-12-18,Beatport,Truncate,Audio Injection's December Bangers Audio Injection's December Bangers Truncate,https://www.beatport.com/chart/audio-injections-december-bangers/138162
FALSE,2012-12-15,Beatport,Los Suruba,"Los Suruba ""Im your father chart"" Los Suruba",https://www.beatport.com/chart/los-suruba-im-your-father-chart/137274
FALSE,2012-12-14,Beatport,Steve Bug,Steve Bug's Winter Winners Steve Bug,https://www.beatport.com/chart/steve-bugs-winter-winners/137117
FALSE,2012-12-11,Beatport,Tiefschwarz,Tiefschwarz 2012 Xmas Chart Tiefschwarz,https://www.beatport.com/chart/tiefschwarz-2012-xmas-chart/136318
FALSE,2012-12-09,Beatport,Argy,Argy k First Chart Argy K,https://www.beatport.com/chart/argy-k-first-chart/135598
FALSE,2012-11-29,Beatport,Pig&Dan,PIG&DAN ELEVATE CHART Pig&Dan,https://www.beatport.com/chart/pigdan-elevate-chart/132740
FALSE,2012-11-22,Beatport,Edu Imbernon,Edu Imbernon Winter Chart Edu Imbernon,https://www.beatport.com/chart/edu-imbernon-winter-chart/131218
FALSE,2012-11-22,Beatport,Steve Bug,Steve Bug's Long Run Steve Bug,https://www.beatport.com/chart/steve-bugs-long-run/131188
FALSE,2012-11-22,Beatport,Subb-an,Seth & Subb-an's Lucky #7 chart Subb-an,https://www.beatport.com/chart/seth-subbans-lucky-7-chart/131253
FALSE,2012-11-18,Beatport,Los Suruba,"Los Suruba ""The Hunger chart"" Los Suruba",https://www.beatport.com/chart/los-suruba-the-hunger-chart/130059
FALSE,2012-11-13,Beatport,Dennis Ferrer,Dennis Ferrer - November 2012 Dennis Ferrer,https://www.beatport.com/chart/dennis-ferrer-november-2012/128618
FALSE,2012-11-07,Beatport,Upercent,November Chart '12 Upercent,https://www.beatport.com/chart/november-chart-12/127415
FALSE,2012-11-02,Beatport,Rampa,Rampa November 2012 - blame it on the boogie Rampa November 2012 - blame it on the boogie Rampa,https://www.beatport.com/chart/rampa-november-2012-blame-it-on-the-boogie/125755
FALSE,2012-11-01,Traxsource,Dennis Ferrer,Dennis Ferrer - Dennis Ferrer - Whisper Chart on Traxsource,https://www.traxsource.com/title/1512906/dennis-ferrer-whisper-chart
FALSE,2012-11-01,Traxsource,Dennis Ferrer,Dennis Ferrer - DF's Election Disaster Chart on Traxsource,https://www.traxsource.com/title/715550/dfs-election-disaster-chart
FALSE,2012-11-01,Traxsource,Tiger Stripes,Tiger Stripes - November 2012 on Traxsource,https://www.traxsource.com/title/189272/november-2012
FALSE,2012-11-01,Traxsource,Tiger Stripes,Tiger Stripes - Ibadan Favorites on Traxsource,https://www.traxsource.com/title/72087/ibadan-favorites
FALSE,2012-10-31,Beatport,Los Suruba,"Los Suruba ""Playa chart"" Los Suruba",https://www.beatport.com/chart/los-suruba-playa-chart/125157
FALSE,2012-10-29,Beatport,Terranova,Terranova 'Obama 2012 Chart' Terranova,https://www.beatport.com/chart/terranova-obama-2012-chart/124738
FALSE,2012-10-24,Beatport,Solomun,Beatport Autumn Chart 2012 Solomun,https://www.beatport.com/chart/beatport-autumn-chart-2012/123740
FALSE,2012-10-23,Beatport,Adam Port,Adam Port's Celsius Charts Adam Port,https://www.beatport.com/chart/adam-ports-celsius-charts/123270
FALSE,2012-10-22,Beatport,Eats Everything,Eats Everything’ Shameless October Chart Eats Everything’ Shameless October Chart Eats Everything,https://www.beatport.com/chart/eats-everything-shameless-october-chart/123116
FALSE,2012-10-15,Beatport,Argy,"Argy ""Everything"" Chart! Argy",https://www.beatport.com/chart/argy-everything-chart/121402
FALSE,2012-10-15,Beatport,Rampa,Rampa Top 10 Squirtings on Oktober 2012 Rampa Top 10 Squirtings on Oktober 2012 Rampa,https://www.beatport.com/chart/rampa-top-10-squirtings-on-oktober-2012/121340
FALSE,2012-10-09,Beatport,Los Suruba,"Los Suruba ""The Clock"" chart Los Suruba",https://www.beatport.com/chart/los-suruba-the-clock-chart/120024
FALSE,2012-10-04,Beatport,AFFKT,AFFKT Jakla chart October 2012 AFFKT,https://www.beatport.com/chart/affkt-jakla-chart-october-2012/118780
FALSE,2012-10-04,Beatport,Steve Bug,Steve Bug's Automne Noir Steve Bug,https://www.beatport.com/chart/steve-bugs-automne-noir/118801
FALSE,2012-09-26,Beatport,Kolombo,KOLOMBO September 2012 chart Kolombo,https://www.beatport.com/chart/kolombo-september-2012-chart/116405
FALSE,2012-09-24,Beatport,AFFKT,AFFKT Good bye Ibiza September 2012 AFFKT Good bye Ibiza September 2012 AFFKT,https://www.beatport.com/chart/affkt-good-bye-ibiza-september-2012/115775
FALSE,2012-09-17,Beatport,Terranova,Terranova 'Indian Summer' Chart Terranova,https://www.beatport.com/chart/terranova-indian-summer-chart/113887
FALSE,2012-09-17,Traxsource,Culoe De Song,ADE 2012,https://www.traxsource.com/title/181496/ade-2012
FALSE,2012-09-11,Beatport,Upercent,Upercent - Semptember 2012 Top 10 Upercent - Semptember 2012 Top 10 Upercent,https://www.beatport.com/chart/upercent-semptember-2012-top-10/112493
FALSE,2012-09-02,Beatport,Rampa,Rampa Top 10 Squirtings on September 2012 Rampa Top 10 Squirtings on September 2012 Rampa,https://www.beatport.com/chart/rampa-top-10-squirtings-on-september-2012/110116
FALSE,2012-08-21,Beatport,Subb-an,Subb-an Dark Summer Jams Subb-an,https://www.beatport.com/chart/subban-dark-summer-jams/107008
FALSE,2012-08-20,Beatport,AFFKT,AFFKT Ibiza Cana Rosana chart AFFKT,https://www.beatport.com/chart/affkt-ibiza-cana-rosana-chart/106592
FALSE,2012-08-15,Beatport,Roman Flügel,Roman Flügel August 2012 Roman Flügel,https://www.beatport.com/chart/roman-flgel-august-2012/105416
FALSE,2012-08-13,Beatport,Dennis Ferrer,Dennis Ferrer - August 2012 Dennis Ferrer,https://www.beatport.com/chart/dennis-ferrer-august-2012/104983
FALSE,2012-08-13,Beatport,Terranova,Terranova Nightporter Chart Terranova,https://www.beatport.com/chart/terranova-nightporter-chart/104860
FALSE,2012-08-10,Beatport,Truncate,Audio Injection's August Heat Truncate,https://www.beatport.com/chart/audio-injections-august-heat/104283
FALSE,2012-08-07,Beatport,Los Suruba,"Los Suruba ""Down Stress chart"" Los Suruba",https://www.beatport.com/chart/los-suruba-down-stress-chart/103514
FALSE,2012-08-06,Beatport,Emanuel Satie,Emanuel Satie's Summer In The City Charts Emanuel Satie's Summer In The City Charts Emanuel Satie,https://www.beatport.com/chart/emanuel-saties-summer-in-the-city-charts/103142
FALSE,2012-08-01,Beatport,Pig&Dan,PIG&DANS DECADE CHART Pig&Dan,https://www.beatport.com/chart/pigdans-decade-chart/100723
FALSE,2012-07-30,Beatport,Joris Voorn,Mid Summer Madness Joris Voorn,https://www.beatport.com/chart/mid-summer-madness/100037
FALSE,2012-07-29,Beatport,Murat Uncuoglu,Murat Uncuoglu SUMMER part 2 Murat Uncuoglu,https://www.beatport.com/chart/murat-uncuoglu-summer-part-2/99780
FALSE,2012-07-24,Beatport,Subb-an,Subb-an July Chart Subb-an,https://www.beatport.com/chart/subban-july-chart/98413
FALSE,2012-07-23,Beatport,Nina Kraviz,nina kraviz summer chart Nina Kraviz,https://www.beatport.com/chart/nina-kraviz-summer-chart/98320
FALSE,2012-07-23,Beatport,Nina Kraviz,Nina Kraviz Summer Chart Nina Kraviz,https://www.beatport.com/chart/nina-kraviz-summer-chart/98321
FALSE,2012-07-20,Beatport,Rodriguez Jr.,Rodriguez Jr. Summer Charts 2012 Rodriguez Jr.,https://www.beatport.com/chart/rodriguez-jr-summer-charts-2012/97550
FALSE,2012-07-20,Beatport,Steve Bug,Steve Bug - Lost Summer Chart Steve Bug,https://www.beatport.com/chart/steve-bug-lost-summer-chart/97564
FALSE,2012-07-17,Beatport,Los Suruba,"Los Suruba ""U know what"" chart Los Suruba",https://www.beatport.com/chart/los-suruba-u-know-what-chart/96696
FALSE,2012-07-16,Beatport,Adam Port,Adam Port's Workparty Three Charts 2012 Adam Port's Workparty Three Charts 2012 Adam Port,https://www.beatport.com/chart/adam-ports-workparty-three-charts-2012/96172
FALSE,2012-07-16,Beatport,Terranova,Terranova Olympia Chart Terranova,https://www.beatport.com/chart/terranova-olympia-chart/96220
FALSE,2012-07-12,Beatport,AFFKT,AFFKT July 2012 AFFKT,https://www.beatport.com/chart/affkt-july-2012/95303
FALSE,2012-07-09,Beatport,Truncate,Summer 2012 Trax Truncate,https://www.beatport.com/chart/summer-2012-trax/94334
FALSE,2012-07-04,Beatport,Agoria,Agoria July Chart Agoria,https://www.beatport.com/chart/agoria-july-chart/92704
FALSE,2012-06-27,Beatport,Roman Flügel,Roman Fluegel June 2012 Charts Roman Flügel,https://www.beatport.com/chart/roman-fluegel-june-2012-charts/90332
FALSE,2012-06-26,Beatport,Denis Horvat,"Denis Horvat's ""Drums 'n Roses"" Chart Denis Horvat's ""Drums 'n Roses"" Chart Denis Horvat",https://www.beatport.com/chart/denis-horvats-drums-n-roses-chart/90003
FALSE,2012-06-26,Beatport,Maceo Plex,"Maceo Plex ""Believe In Deep chart"" Maceo Plex",https://www.beatport.com/chart/maceo-plex-believe-in-deep-chart/89992
FALSE,2012-06-25,Beatport,DJ Tennis,Dj Tennis Back to the Future Chart DJ Tennis,https://www.beatport.com/chart/dj-tennis-back-to-the-future-chart/89541
FALSE,2012-06-24,Beatport,Betoko,Betoko It's Pissing Down Again Chart Betoko,https://www.beatport.com/chart/betoko-its-pissing-down-again-chart/89219
FALSE,2012-06-21,Beatport,Steve Bug,Steve Bug - Those Grooves Chart Steve Bug,https://www.beatport.com/chart/steve-bug-those-grooves-chart/88037
FALSE,2012-06-19,Beatport,Adam Port,Adam Port's L Charts 2012 Adam Port,https://www.beatport.com/chart/adam-ports-l-charts-2012/87441
FALSE,2012-06-18,Beatport,Truncate,Audio Injection's June Trax Truncate,https://www.beatport.com/chart/audio-injections-june-trax/87143
FALSE,2012-06-11,Beatport,Los Suruba,Los Suruba Mantis chart Los Suruba,https://www.beatport.com/chart/los-suruba-mantis-chart/85021
FALSE,2012-06-07,Beatport,Rampa,Rampa June TipTopTen Rampa,https://www.beatport.com/chart/rampa-june-tiptopten/83875
FALSE,2012-06-06,Beatport,Terranova,Terranova Euro 2012 Chart Terranova,https://www.beatport.com/chart/terranova-euro-2012-chart/83539
FALSE,2012-06-05,Beatport,Emanuel Satie,Emanuel Satie June Picks Emanuel Satie,https://www.beatport.com/chart/emanuel-satie-june-picks/83152
FALSE,2012-06-01,Beatport,Rodriguez Jr.,Rodriguez Jr. June 2012 Charts Rodriguez Jr.,https://www.beatport.com/chart/rodriguez-jr-june-2012-charts/81641
FALSE,2012-05-25,Beatport,Eats Everything,Eats Everything' May Menage a Dix Eats Everything,https://www.beatport.com/chart/eats-everything-may-menage-a-dix/79646
FALSE,2012-05-16,Beatport,Andre Lodemann,Andre Lodemann Fragments Chart May 2012 Andre Lodemann Fragments Chart May 2012 Andre Lodemann,https://www.beatport.com/chart/andre-lodemann-fragments-chart-may-2012/76914
FALSE,2012-05-15,Beatport,Sven Vath,Sven Vaeth Charts May 2012 Sven Vath,https://www.beatport.com/chart/sven-vaeth-charts-may-2012/76404
FALSE,2012-05-11,Beatport,Radio Slave,Radio Slave - Movement Chart 2012 Radio Slave - Movement Chart 2012 Radio Slave,https://www.beatport.com/chart/radio-slave-movement-chart-2012/75099
FALSE,2012-05-11,Beatport,Tale Of Us,Tale Of Us DEMF 2012 chart Tale Of Us,https://www.beatport.com/chart/tale-of-us-demf-2012-chart/75180
FALSE,2012-05-09,Beatport,Davide Squillace,Davide Squillace DEMF Chart Davide Squillace,https://www.beatport.com/chart/davide-squillace-demf-chart/73980
FALSE,2012-05-09,Beatport,Subb-an,Subb-an May Chart Subb-an,https://www.beatport.com/chart/subban-may-chart/73988
FALSE,2012-05-01,Traxsource,Argy,Argy's May Top 10 - Traxsource,https://www.traxsource.com/title/223423/argys-may-top-10
FALSE,2012-05-01,Traxsource,Argy,Argy - May 2012 on Traxsource,https://www.traxsource.com/title/160109/may-2012
FALSE,2012-04-26,Beatport,Betoko,Betoko May 2012 Charts Betoko,https://www.beatport.com/chart/betoko-may-2012-charts/68474
FALSE,2012-04-25,Beatport,Pig&Dan,Pig&Dans Melodic Chart Pig&Dan,https://www.beatport.com/chart/pigdans-melodic-chart/68070
FALSE,2012-04-25,Beatport,Terranova,Terranova 'Question Mark' Chart Terranova,https://www.beatport.com/chart/terranova-question-mark-chart/67960
FALSE,2012-04-23,Beatport,DJ Tennis,Tennis - Make it Good EP Chart DJ Tennis,https://www.beatport.com/chart/tennis-make-it-good-ep-chart/67365
FALSE,2012-04-23,Beatport,Manuel Tur,Manuel Tur's 10 Reflecting Elephants Manuel Tur's 10 Reflecting Elephants Manuel Tur,https://www.beatport.com/chart/manuel-turs-10-reflecting-elephants/67127
FALSE,2012-04-18,Beatport,Deetron,Deetron Sunshower Top 10 Deetron,https://www.beatport.com/chart/deetron-sunshower-top-10/65288
FALSE,2012-04-17,Beatport,Adam Port,Adam Port's April 2012 Charts Adam Port,https://www.beatport.com/chart/adam-ports-april-2012-charts/65038
FALSE,2012-04-05,Beatport,Maceo Plex,Maceo Plex 'Old School Jungle & Drum & Bass' Maceo Plex 'Old School Jungle & Drum & Bass' Maceo Plex,https://www.beatport.com/chart/maceo-plex-old-school-jungle-drum-bass-/57510
FALSE,2012-03-26,Traxsource,Andre Lodemann,April 2012,https://www.traxsource.com/title/149122/april-2012
FALSE,2012-03-13,Beatport,Andre Hommen,André Hommen - March 2012 Chart Andre Hommen,https://www.beatport.com/chart/andr-hommen-march-2012-chart/51237
FALSE,2012-03-13,Beatport,Terranova,Terranova March 2012 Chart Terranova,https://www.beatport.com/chart/terranova-march-2012-chart/51274
FALSE,2012-03-13,Beatport,Truncate,Audio Injection's March Stompers Truncate,https://www.beatport.com/chart/audio-injections-march-stompers/51180
FALSE,2012-03-12,Beatport,Rodriguez Jr.,Rodriguez Jr March 2012 Picks Rodriguez Jr.,https://www.beatport.com/chart/rodriguez-jr-march-2012-picks/51145
FALSE,2012-03-07,Beatport,Tiefschwarz,Tiefschwarz March 2012 Charts Tiefschwarz,https://www.beatport.com/chart/tiefschwarz-march-2012-charts/50007
FALSE,2012-03-05,Beatport,Emanuel Satie,Emanuel Satie All My Love Charts Emanuel Satie,https://www.beatport.com/chart/emanuel-satie-all-my-love-charts/49372
FALSE,2012-03-01,Traxsource,Tiger Stripes,Tiger Stripes - March 2012 on Traxsource,https://www.traxsource.com/title/145365/march-2012
FALSE,2012-02-29,Beatport,Eats Everything,Eats Everything’ March Menu Chart Eats Everything,https://www.beatport.com/chart/eats-everything-march-menu-chart/48545
FALSE,2012-02-17,Beatport,Eats Everything,Eats Everything’ February Fumpers Eats Everything,https://www.beatport.com/chart/eats-everything-february-fumpers/47544
FALSE,2012-02-14,Beatport,Christian Burkhardt,Christian Burkhardt's Wintertime Christian Burkhardt,https://www.beatport.com/chart/christian-burkhardts-wintertime/47298
FALSE,2012-02-01,Traxsource,Culoe De Song,Culoe de Song - February 2012 on Traxsource,https://www.traxsource.com/title/141995/february-2012
FALSE,2012-01-30,Beatport,Manuel Tur,Manuel Tur's Early 2012 Chart Manuel Tur,https://www.beatport.com/chart/manuel-turs-early-2012-chart/46198
FALSE,2012-01-27,Beatport,Rodriguez Jr.,Rodriguez Jr. Winter 2012 Picks Rodriguez Jr.,https://www.beatport.com/chart/rodriguez-jr-winter-2012-picks/46078
FALSE,2012-01-04,Beatport,Argy,ARGY 2012 Starts Here! Argy,https://www.beatport.com/chart/argy-2012-starts-here/44675
FALSE,2012-01-01,Traxsource,&lez,&lez - Crazy July chart on Traxsource,https://www.traxsource.com/title/999015/crazy-july-chart
FALSE,2011-12-21,Beatport,Maceo Plex,Maceo Plex Christmas Dry Humping Chart 2011 Maceo Plex Christmas Dry Humping Chart 2011 Maceo Plex,https://www.beatport.com/chart/maceo-plex-christmas-dry-humping-chart-2011/44151
FALSE,2011-12-08,Beatport,Tiefschwarz,Tiefschwarz X-Mas Charts 2011 Tiefschwarz,https://www.beatport.com/chart/tiefschwarz-xmas-charts-2011/43214
FALSE,2011-12-06,Beatport,Eats Everything,Eats Everything - December Tremblaaa's Eats Everything - December Tremblaaa's Eats Everything,https://www.beatport.com/chart/eats-everything-december-tremblaaas/43029
FALSE,2011-11-29,Beatport,Nina Kraviz,Nina Kraviz's November Top 10 Nina Kraviz,https://www.beatport.com/chart/nina-kravizs-november-top-10/42677
FALSE,2011-11-22,Beatport,Manuel Tur,Manuel Tur's About To Fall Chart Manuel Tur,https://www.beatport.com/chart/manuel-turs-about-to-fall-chart/42396
FALSE,2011-11-01,Beatport,Eats Everything,Eats Everything November Selectaaa Chart Eats Everything November Selectaaa Chart Eats Everything,https://www.beatport.com/chart/eats-everything-november-selectaaa-chart/41519
FALSE,2011-10-31,Beatport,Tiefschwarz,Tiefschwarz BerMuDa 2011 Chart Tiefschwarz,https://www.beatport.com/chart/tiefschwarz-bermuda-2011-chart/41328
FALSE,2011-10-10,Traxsource,Culoe De Song,Culoe de Song - October 2011 on Traxsource,https://www.traxsource.com/title/117784/october-2011
FALSE,2011-10-01,Traxsource,Denis Horvat,Denis Horvat - Vokabularium Chart on Traxsource,https://www.traxsource.com/title/1256416/vokabularium-chart
FALSE,2011-09-29,Beatport,Stimming,Stimming October Charts Stimming,https://www.beatport.com/chart/stimming-october-charts/40063
FALSE,2011-09-21,Beatport,Eats Everything,Eats Everythings Autumn Menu Eats Everything,https://www.beatport.com/chart/eats-everythings-autumn-menu/39772
FALSE,2011-09-20,Beatport,Eats Everything,Eats Everythings Autumn Menu chart Eats Everythings Autumn Menu chart Eats Everything,https://www.beatport.com/chart/eats-everythings-autumn-menu-chart/39745
FALSE,2011-09-07,Traxsource,Tim Engelhardt,September 2011,https://www.traxsource.com/title/111695/september-2011
FALSE,2011-08-30,Beatport,Manuel Tur,Manuel Tur's Mild Pitch Top Ten Manuel Tur,https://www.beatport.com/chart/manuel-turs-mild-pitch-top-ten/38958
FALSE,2011-08-23,Beatport,Booka Shade,Booka Shade - Focus on Germany Chart Booka Shade - Focus on Germany Chart Booka Shade,https://www.beatport.com/chart/booka-shade-focus-on-germany-chart/38803
FALSE,2011-08-08,Traxsource,Andre Lodemann,August 2011,https://www.traxsource.com/title/107565/august-2011
FALSE,2011-07-28,Beatport,Maceo Plex,Maceo Plex Summers Getting Hotter Chart Maceo Plex Summers Getting Hotter Chart Maceo Plex,https://www.beatport.com/chart/maceo-plex-summers-getting-hotter-chart/38010
FALSE,2011-06-29,Beatport,Manuel Tur,Manuel Tur Mild Summer 2011 Chart Manuel Tur Mild Summer 2011 Chart Manuel Tur,https://www.beatport.com/chart/manuel-tur-mild-summer-2011-chart/37145
FALSE,2011-06-07,Beatport,Deetron,Deetron June 2011 Chart Deetron,https://www.beatport.com/chart/deetron-june-2011-chart/36383
FALSE,2011-05-23,Beatport,Deetron,Deetron May 2011 Chart Deetron,https://www.beatport.com/chart/deetron-may-2011-chart/36006
FALSE,2011-05-11,Beatport,Tiefschwarz,Tiefschwarz In The City Charts Mai 2011 Tiefschwarz In The City Charts Mai 2011 Tiefschwarz,https://www.beatport.com/chart/tiefschwarz-in-the-city-charts-mai-2011/35579
FALSE,2011-04-06,Traxsource,Andre Lodemann,April 2011,https://www.traxsource.com/title/90010/april-2011
FALSE,2011-04-01,Beatport,Booka Shade,Booka Shade April Charts 2011 Booka Shade,https://www.beatport.com/chart/booka-shade-april-charts-2011/34280
FALSE,2011-04-01,Beatport,Maceo Plex,Maceo Plex Miami Aftermath Chart Maceo Plex,https://www.beatport.com/chart/maceo-plex-miami-aftermath-chart/34263
FALSE,2011-03-08,Beatport,Maceo Plex,Maceo Plex - Get Lost Chart For March Maceo Plex - Get Lost Chart For March Maceo Plex,https://www.beatport.com/chart/maceo-plex-get-lost-chart-for-march/33448
FALSE,2011-03-04,Beatport,Manuel Tur,Manuel Tur's 1.5/5 Chart Manuel Tur,https://www.beatport.com/chart/manuel-turs-155-chart/33360
FALSE,2011-02-24,Traxsource,Andre Lodemann,February 2011,https://www.traxsource.com/title/85580/february-2011
FALSE,2011-01-24,Beatport,Maceo Plex,Maceo Plex Top Sexy Tracks Chart Maceo Plex,https://www.beatport.com/chart/maceo-plex-top-sexy-tracks-chart/32078
FALSE,2011-01-04,Beatport,Booka Shade,Booka Shade´s 2001 - 2011 classics Booka Shade,https://www.beatport.com/chart/booka-shades-2001-2011-classics/31569
FALSE,2010-12-22,Beatport,Maceo Plex,Maceo Plex Christmas Family Treats Chart Maceo Plex Christmas Family Treats Chart Maceo Plex,https://www.beatport.com/chart/maceo-plex-christmas-family-treats-chart/31362
FALSE,2010-12-10,Beatport,Manuel Tur,Manuel Tur December 2010 Chart Manuel Tur,https://www.beatport.com/chart/manuel-tur-december-2010-chart/30927
FALSE,2010-11-29,Beatport,Deetron,Deetron December Chart Deetron,https://www.beatport.com/chart/deetron-december-chart/30474
FALSE,2010-09-24,Beatport,Stimming,Stimming Diynamic Incest Charts For Beatport Stimming Diynamic Incest Charts For Beatport Stimming,https://www.beatport.com/chart/stimming-diynamic-incest-charts-for-beatport/28342
FALSE,2010-09-08,Traxsource,DJ Pierre,September 2010,https://www.traxsource.com/title/67408/september-2010
FALSE,2010-08-26,Beatport,Deetron,Deetron Beatport Chart August Deetron,https://www.beatport.com/chart/deetron-beatport-chart-august/27552
FALSE,2010-08-12,Beatport,Eats Everything,Eats Everything’s August Menu Eats Everything,https://www.beatport.com/chart/eats-everythings-august-menu/27127
FALSE,2010-07-20,Beatport,Eats Everything,Eats Everything’s Summer BBQ Chart Special Eats Everything’s Summer BBQ Chart Special Eats Everything,https://www.beatport.com/chart/eats-everythings-summer-bbq-chart-special/26481
FALSE,2010-07-07,Beatport,Manuel Tur,Manuel Tur - Summer Memories Chart Manuel Tur - Summer Memories Chart Manuel Tur,https://www.beatport.com/chart/manuel-tur-summer-memories-chart/26166
FALSE,2010-06-16,Traxsource,DJ Pierre,June 2010,https://www.traxsource.com/title/59401/june-2010
FALSE,2010-05-28,Beatport,Deetron,Deetron Beatport Chart June Deetron,https://www.beatport.com/chart/deetron-beatport-chart-june/25010
FALSE,2010-05-28,Beatport,Manuel Tur,Manuel Tur Chart May 2010 Manuel Tur,https://www.beatport.com/chart/manuel-tur-chart-may-2010/25022
FALSE,2010-04-20,Beatport,Nina Kraviz,Nina Kraviz April 2010 Chart Nina Kraviz,https://www.beatport.com/chart/nina-kraviz-april-2010-chart/23773
FALSE,2010-04-16,Beatport,Manuel Tur,Manuel Tur - Functional Chart April Manuel Tur,https://www.beatport.com/chart/manuel-tur-functional-chart-april/23731
FALSE,2010-04-15,Traxsource,Andre Lodemann,April 2010,https://www.traxsource.com/title/53211/april-2010
FALSE,2010-03-10,Traxsource,DJ Pierre,March 2010,https://www.traxsource.com/title/50381/march-2010
FALSE,2010-03-01,Traxsource,Butch,Butch's 'Dope' Top 10 - Traxsource,https://www.traxsource.com/title/538715/butchs-dope-top-10
FALSE,2010-03-01,Traxsource,Butch,Butch - March 2010 on Traxsource,https://www.traxsource.com/title/50206/march-2010
FALSE,2010-02-17,Beatport,Manuel Tur,Manuel Tur's Agrafenic Chart Manuel Tur,https://www.beatport.com/chart/manuel-turs-agrafenic-chart/22270
FALSE,2009-11-17,Beatport,Manuel Tur,Manuel Tur's Ground Glass Chart Manuel Tur,https://www.beatport.com/chart/manuel-turs-ground-glass-chart/19892
FALSE,2009-11-05,Traxsource,Andre Lodemann,November 2009,https://www.traxsource.com/title/42558/november-2009
FALSE,2009-10-13,Beatport,Deetron,Deetron Beatport Chart October Deetron,https://www.beatport.com/chart/deetron-beatport-chart-october/18964
FALSE,2009-09-30,Beatport,Manuel Tur,Manuel Tur Early Autumn 09 Chart Manuel Tur,https://www.beatport.com/chart/manuel-tur-early-autumn-09-chart/18675
FALSE,2009-09-24,Beatport,Deetron,Deetron Beatport charts Deetron,https://www.beatport.com/chart/deetron-beatport-charts/18584
FALSE,2009-09-17,Traxsource,Andre Lodemann,September 2009,https://www.traxsource.com/title/39907/september-2009
FALSE,2009-09-08,Traxsource,Culoe De Song,September 2009,https://www.traxsource.com/title/39415/september-2009
FALSE,2009-08-27,Traxsource,Butch,September 2009,https://www.traxsource.com/title/38934/september-2009
FALSE,2009-08-17,Beatport,Manuel Tur,Manuel Tur August 2009 Chart Manuel Tur,https://www.beatport.com/chart/manuel-tur-august-2009-chart/17698
FALSE,2009-06-23,Beatport,Manuel Tur,Manuel Tur Chart for June Manuel Tur,https://www.beatport.com/chart/manuel-tur-chart-for-june/16566
FALSE,2009-01-26,Beatport,Manuel Tur,Manuel Tur Beatport Chart 01/2009 Manuel Tur,https://www.beatport.com/chart/manuel-tur-beatport-chart-012009/13656
FALSE,2009-01-07,Beatport,Stimming,Stimming´s Januar 09 Chart Stimming,https://www.beatport.com/chart/stimmings-januar-09-chart/13382
FALSE,2008-09-12,Beatport,Deetron,Deetron Beatport Chart September Deetron,https://www.beatport.com/chart/deetron-beatport-chart-september/10749
FALSE,2008-09-09,Beatport,Stimming,Stimming Beatport Charts September Stimming,https://www.beatport.com/chart/stimming-beatport-charts-september/10646
FALSE,2008-08-21,Beatport,Deetron,Deetron Beatport Chart Deetron,https://www.beatport.com/chart/deetron-beatport-chart/10250
FALSE,2008-08-12,Beatport,Stimming,Stimming Charts August Stimming,https://www.beatport.com/chart/stimming-charts-august/10040
FALSE,2008-08-07,Beatport,Manuel Tur,Manuel Tur Manuel Tur,https://www.beatport.com/chart/manuel-tur/9957
FALSE,2008-04-28,Beatport,Stimming,STIMMING BEATPORT CHARTS Stimming,https://www.beatport.com/chart/stimming-beatport-charts/7485
FALSE,2008-01-21,Beatport,Manuel Tur,Manuel Tur Beatport Chart Manuel Tur,https://www.beatport.com/chart/manuel-tur-beatport-chart/5412
FALSE,2007-11-05,Beatport,Deetron,Deetron Beatport Chart November 2007 Deetron,https://www.beatport.com/chart/deetron-beatport-chart-november-2007/4039
FALSE,2007-09-26,Beatport,Manuel Tur,Manuel Tur Picks For September 2007 Manuel Tur Picks For September 2007 Manuel Tur,https://www.beatport.com/chart/manuel-tur-picks-for-september-2007/3448
